name,price,info
არაყი Finlandia - 1L,"49,90 ₾","ბრენდიFinlandia წარმოშობაფინეთი ტექნოლოგიაკლასიკური არაყი ფერიგამჭვირვალე გემომშრალი,გამჭირვალე,,მშვიდი ალკ. შემცველობა40% მოცულობა1"
არაყი Finlandia - 1L,"49,90 ₾","ბრენდიFinlandia წარმოშობაფინეთი ტექნოლოგიაკლასიკური არაყი ფერიგამჭვირვალე გემომშრალი,გამჭირვალე,,მშვიდი ალკ. შემცველობა40% მოცულობა1"
არაყი Absolut Blue - 1L,"39,90 ₾","ბრენდიAbsolut წარმოშობაშვედეთი ტექნოლოგიაკლასიკური არაყი ფერიგამჭვირვალე გემოდელიკატური, მარცვლეული, სხვადასხვა ჩირი ალკ. შემცველობა40% მოცულობა1"
არაყი Absolut Blue - 1L,"39,90 ₾","ბრენდიAbsolut წარმოშობაშვედეთი ტექნოლოგიაკლასიკური არაყი ფერიგამჭვირვალე გემოდელიკატური, მარცვლეული, სხვადასხვა ჩირი ალკ. შემცველობა40% მოცულობა1"
"Finlandia, ლაიმის არაყი - 1L","49,90 ₾","ბრენდიFinlandia წარმოშობაფინეთი ტექნოლოგიაარომატული არაყი ფერიგამჭვირვალე არომატიციტრუსი გემოლაიმი, თაფლი ალკ. შემცველობა37.5% მოცულობა1"
"Finlandia, ლაიმის არაყი - 1L","49,90 ₾","ბრენდიFinlandia წარმოშობაფინეთი ტექნოლოგიაარომატული არაყი ფერიგამჭვირვალე არომატიციტრუსი გემოლაიმი, თაფლი ალკ. შემცველობა37.5% მოცულობა1"
არაყი Beluga - 1L,"164,90 ₾","ბრენდიBeluga წარმოშობარუსეთი ტექნოლოგიაკლასიკური არაყი ფერიგამჭვირვალე არომატიმდიდარი,სუფთა გემორბილი ალკ. შემცველობა40% მოცულობა1"
არაყი Beluga - 1L,"164,90 ₾","ბრენდიBeluga წარმოშობარუსეთი ტექნოლოგიაკლასიკური არაყი ფერიგამჭვირვალე არომატიმდიდარი,სუფთა გემორბილი ალკ. შემცველობა40% მოცულობა1"
"Finlandia, გრეიფრუტის არაყი - 1L","49,90 ₾",ბრენდიFinlandia წარმოშობაფინეთი ტექნოლოგიაარომატული არაყი ფერიგამჭვირვალე არომატიციტრუსი გემოახლად გამოწურული გრეიპფრუტი ალკ. შემცველობა37.5% მოცულობა1
"Finlandia, გრეიფრუტის არაყი - 1L","49,90 ₾",ბრენდიFinlandia წარმოშობაფინეთი ტექნოლოგიაარომატული არაყი ფერიგამჭვირვალე არომატიციტრუსი გემოახლად გამოწურული გრეიპფრუტი ალკ. შემცველობა37.5% მოცულობა1
არაყი Finlandia - 0.5L,"28,50 ₾","ბრენდიFinlandia წარმოშობაფინეთი ტექნოლოგიაკლასიკური არაყი ფერიგამჭვირვალე გემომშრალი,გამჭირვალე,,მშვიდი ალკ. შემცველობა40% მოცულობა0.5"
არაყი Finlandia - 0.5L,"28,50 ₾","ბრენდიFinlandia წარმოშობაფინეთი ტექნოლოგიაკლასიკური არაყი ფერიგამჭვირვალე გემომშრალი,გამჭირვალე,,მშვიდი ალკ. შემცველობა40% მოცულობა0.5"
"Absolut, საზამთროს არაყი - 0.7L","32,90 ₾",ბრენდიAbsolut წარმოშობაშვედეთი ტექნოლოგიაარომატული არაყი ფერივარდისფერი არომატისაზამთრო გემოსაზამთრო ალკ. შემცველობა38% მოცულობა0.7
"Absolut, საზამთროს არაყი - 0.7L","32,90 ₾",ბრენდიAbsolut წარმოშობაშვედეთი ტექნოლოგიაარომატული არაყი ფერივარდისფერი არომატისაზამთრო გემოსაზამთრო ალკ. შემცველობა38% მოცულობა0.7
არაყი Danzka - 1L,"39,90 ₾","ბრენდიDanzka წარმოშობადანია ტექნოლოგიაკლასიკური არაყი ფერიგამჭვირვალე არომატიდელიკატური,მდიდარი გემოდელიკატური,მდიდარი ალკ. შემცველობა40% მოცულობა1"
არაყი Danzka - 1L,"39,90 ₾","ბრენდიDanzka წარმოშობადანია ტექნოლოგიაკლასიკური არაყი ფერიგამჭვირვალე არომატიდელიკატური,მდიდარი გემოდელიკატური,მდიდარი ალკ. შემცველობა40% მოცულობა1"
არაყი Danzka - 0.5L,"33,40 ₾","ბრენდიDanzka წარმოშობადანია ტექნოლოგიაკლასიკური არაყი ფერიგამჭვირვალე არომატიდელიკატური,მდიდარი გემოდელიკატური,მდიდარი ალკ. შემცველობა40% მოცულობა0.5"
არაყი Danzka - 0.5L,"33,40 ₾","ბრენდიDanzka წარმოშობადანია ტექნოლოგიაკლასიკური არაყი ფერიგამჭვირვალე არომატიდელიკატური,მდიდარი გემოდელიკატური,მდიდარი ალკ. შემცველობა40% მოცულობა0.5"
არაყი Grey Goose - 1L,"164,90 ₾","ბრენდიGrey Goose წარმოშობასაფრანგეთი ტექნოლოგიაკლასიკური არაყი ფერიგამჭვირვალე არომატისუფთა, ნუში,წიწაკა გემოანისი, წიწაკა, პარფუმი ალკ. შემცველობა40% მოცულობა1"
არაყი Grey Goose - 1L,"164,90 ₾","ბრენდიGrey Goose წარმოშობასაფრანგეთი ტექნოლოგიაკლასიკური არაყი ფერიგამჭვირვალე არომატისუფთა, ნუში,წიწაკა გემოანისი, წიწაკა, პარფუმი ალკ. შემცველობა40% მოცულობა1"
"Absolut, გრეიფრუტის არაყი - 0.7L","32,90 ₾","ბრენდიAbsolut წარმოშობაშვედეთი ტექნოლოგიაარომატული არაყი ფერიგამჭვირვალე არომატიცოცხალი გემოციტრუსი, გრეიფრუტი ალკ. შემცველობა40% მოცულობა0.7"
"Absolut, გრეიფრუტის არაყი - 0.7L","32,90 ₾","ბრენდიAbsolut წარმოშობაშვედეთი ტექნოლოგიაარომატული არაყი ფერიგამჭვირვალე არომატიცოცხალი გემოციტრუსი, გრეიფრუტი ალკ. შემცველობა40% მოცულობა0.7"
არაყი Grey Goose - 0.5L,"94,90 ₾","ბრენდიGrey Goose წარმოშობასაფრანგეთი ტექნოლოგიაკლასიკური არაყი ფერიგამჭვირვალე არომატისუფთა, ნუში,წიწაკა გემოანისი, წიწაკა, პარფუმი ალკ. შემცველობა40% მოცულობა0.5"
არაყი Grey Goose - 0.5L,"94,90 ₾","ბრენდიGrey Goose წარმოშობასაფრანგეთი ტექნოლოგიაკლასიკური არაყი ფერიგამჭვირვალე არომატისუფთა, ნუში,წიწაკა გემოანისი, წიწაკა, პარფუმი ალკ. შემცველობა40% მოცულობა0.5"
არაყი Beluga Transatlantic - 0.7L,"139,90 ₾",ბრენდიBeluga წარმოშობარუსეთი ტექნოლოგიაკლასიკური არაყი ფერიგამჭვირვალე არომატიცოცხალი გემორბილი ალკ. შემცველობა40% მოცულობა0.7
არაყი Beluga Transatlantic - 0.7L,"139,90 ₾",ბრენდიBeluga წარმოშობარუსეთი ტექნოლოგიაკლასიკური არაყი ფერიგამჭვირვალე არომატიცოცხალი გემორბილი ალკ. შემცველობა40% მოცულობა0.7
არაყი Beluga - 0.5L,"94,90 ₾","ბრენდიBeluga წარმოშობარუსეთი ტექნოლოგიაკლასიკური არაყი ფერიგამჭვირვალე არომატიმდიდარი,სუფთა გემორბილი ალკ. შემცველობა40% მოცულობა0.5"
არაყი Beluga - 0.5L,"94,90 ₾","ბრენდიBeluga წარმოშობარუსეთი ტექნოლოგიაკლასიკური არაყი ფერიგამჭვირვალე არომატიმდიდარი,სუფთა გემორბილი ალკ. შემცველობა40% მოცულობა0.5"
არაყი Nemiroff De Luxe - 0.5L,"22,70 ₾","ბრენდიNemiroff წარმოშობაუკრაინა ტექნოლოგიაკლასიკური არაყი ფერიგამჭვირვალე არომატიყვავილოვანი,ხორბალი გემოყვავილოვანი, ხორბალი ალკ. შემცველობა40% მოცულობა0.5"
არაყი Nemiroff De Luxe - 0.5L,"22,70 ₾","ბრენდიNemiroff წარმოშობაუკრაინა ტექნოლოგიაკლასიკური არაყი ფერიგამჭვირვალე არომატიყვავილოვანი,ხორბალი გემოყვავილოვანი, ხორბალი ალკ. შემცველობა40% მოცულობა0.5"
"არაყი Finlandia, წითელი კენკრის - 1L","49,90 ₾","ბრენდიFinlandia წარმოშობაფინეთი ტექნოლოგიაარომატული არაყი ფერიწითელი არომატიკენკროვანი ხილი გემოწითელი კენკროვანი ხილი, ვანილი ალკ. შემცველობა37.5% მოცულობა1"
"არაყი Finlandia, წითელი კენკრის - 1L","49,90 ₾","ბრენდიFinlandia წარმოშობაფინეთი ტექნოლოგიაარომატული არაყი ფერიწითელი არომატიკენკროვანი ხილი გემოწითელი კენკროვანი ხილი, ვანილი ალკ. შემცველობა37.5% მოცულობა1"
არაყი Celsius Classic - 1L,"34,20 ₾","ბრენდიCelsius წარმოშობაუკრაინა ტექნოლოგიაკლასიკური არაყი ფერიგამჭვირვალე არომატისუფთა გემომსუბუქი, ხავერდოვანი ალკ. შემცველობა40% მოცულობა1"
არაყი Celsius Classic - 1L,"34,20 ₾","ბრენდიCelsius წარმოშობაუკრაინა ტექნოლოგიაკლასიკური არაყი ფერიგამჭვირვალე არომატისუფთა გემომსუბუქი, ხავერდოვანი ალკ. შემცველობა40% მოცულობა1"
"Absolut, მოცხარის არაყი - 1L","54,90 ₾",ბრენდიAbsolut წარმოშობაშვედეთი ტექნოლოგიაარომატული არაყი ფერიგამჭვირვალე არომატიკენკროვანი ხილი გემოშავი მოცხარი ალკ. შემცველობა40% მოცულობა1
"Absolut, მოცხარის არაყი - 1L","54,90 ₾",ბრენდიAbsolut წარმოშობაშვედეთი ტექნოლოგიაარომატული არაყი ფერიგამჭვირვალე არომატიკენკროვანი ხილი გემოშავი მოცხარი ალკ. შემცველობა40% მოცულობა1
"Absolut, ლაიმის არაყი - 0.7L","29,90 ₾",ბრენდიAbsolut წარმოშობაშვედეთი ტექნოლოგიაარომატული არაყი ფერიგამჭვირვალე გემოახლად გამოწურული ლაიმი ალკ. შემცველობა40% მოცულობა0.7
"Absolut, ლაიმის არაყი - 0.7L","29,90 ₾",ბრენდიAbsolut წარმოშობაშვედეთი ტექნოლოგიაარომატული არაყი ფერიგამჭვირვალე გემოახლად გამოწურული ლაიმი ალკ. შემცველობა40% მოცულობა0.7
არაყი Danzka - 0.7L,"46,20 ₾","ბრენდიDanzka წარმოშობადანია ტექნოლოგიაკლასიკური არაყი ფერიგამჭვირვალე არომატიდელიკატური,მდიდარი გემოდელიკატური,მდიდარი ალკ. შემცველობა40% მოცულობა0.7"
არაყი Danzka - 0.7L,"46,20 ₾","ბრენდიDanzka წარმოშობადანია ტექნოლოგიაკლასიკური არაყი ფერიგამჭვირვალე არომატიდელიკატური,მდიდარი გემოდელიკატური,მდიდარი ალკ. შემცველობა40% მოცულობა0.7"
არაყი Absolut Citron - 1L,"54,90 ₾","ბრენდიAbsolut წარმოშობაშვედეთი ტექნოლოგიაარომატული არაყი ფერიგამჭვირვალე არომატიციტრუსი გემოლიმონი, ლაიანი ალკ. შემცველობა40% მოცულობა1"
არაყი Absolut Citron - 1L,"54,90 ₾","ბრენდიAbsolut წარმოშობაშვედეთი ტექნოლოგიაარომატული არაყი ფერიგამჭვირვალე არომატიციტრუსი გემოლიმონი, ლაიანი ალკ. შემცველობა40% მოცულობა1"
"არაყი Smirnoff, წითელი - 1L","46,50 ₾","ბრენდიSmirnoff წარმოშობაინგლისი ტექნოლოგიაკლასიკური არაყი ფერიგამჭვირვალე გემოკლასიკური არაყი,რბილი, სასიამოვნო ალკ. შემცველობა40% მოცულობა1"
"არაყი Smirnoff, წითელი - 1L","46,50 ₾","ბრენდიSmirnoff წარმოშობაინგლისი ტექნოლოგიაკლასიკური არაყი ფერიგამჭვირვალე გემოკლასიკური არაყი,რბილი, სასიამოვნო ალკ. შემცველობა40% მოცულობა1"
"Finlandia, შავი მოცხარის არაყი - 1L","49,90 ₾","ბრენდიFinlandia წარმოშობაფინეთი ტექნოლოგიაარომატული არაყი ფერიგამჭვირვალე არომატიკენკროვანი ხილი გემოწიწაკა, შავი მოცხარი ალკ. შემცველობა37.5% მოცულობა1"
"Finlandia, შავი მოცხარის არაყი - 1L","49,90 ₾","ბრენდიFinlandia წარმოშობაფინეთი ტექნოლოგიაარომატული არაყი ფერიგამჭვირვალე არომატიკენკროვანი ხილი გემოწიწაკა, შავი მოცხარი ალკ. შემცველობა37.5% მოცულობა1"
არაყი Absolut Blue - 0.5L,"31,50 ₾","ბრენდიAbsolut წარმოშობაშვედეთი ტექნოლოგიაკლასიკური არაყი ფერიგამჭვირვალე გემოდელიკატური, მარცვლეული, სხვადასხვა ჩირი ალკ. შემცველობა40% მოცულობა0.5"
არაყი Absolut Blue - 0.5L,"31,50 ₾","ბრენდიAbsolut წარმოშობაშვედეთი ტექნოლოგიაკლასიკური არაყი ფერიგამჭვირვალე გემოდელიკატური, მარცვლეული, სხვადასხვა ჩირი ალკ. შემცველობა40% მოცულობა0.5"
არაყი Reyka - 0.7L,"72,90 ₾","ბრენდიReyka წარმოშობაისლანდია ტექნოლოგიაკლასიკური არაყი ფერიგამჭვირვალე არომატიალაო, ხორბალი გემოვანილი, მინერალები, ციტრუსი ალკ. შემცველობა40% მოცულობა0.7"
არაყი Reyka - 0.7L,"72,90 ₾","ბრენდიReyka წარმოშობაისლანდია ტექნოლოგიაკლასიკური არაყი ფერიგამჭვირვალე არომატიალაო, ხორბალი გემოვანილი, მინერალები, ციტრუსი ალკ. შემცველობა40% მოცულობა0.7"
არაყი Finlandia - 1.75L,"78,50 ₾","ბრენდიFinlandia წარმოშობაფინეთი ტექნოლოგიაკლასიკური არაყი ფერიგამჭვირვალე არომატიცოცხალი, ქერი გემომშრალი, გამჭირვალე ალკ. შემცველობა40% მოცულობა1.75"
არაყი Finlandia - 1.75L,"78,50 ₾","ბრენდიFinlandia წარმოშობაფინეთი ტექნოლოგიაკლასიკური არაყი ფერიგამჭვირვალე არომატიცოცხალი, ქერი გემომშრალი, გამჭირვალე ალკ. შემცველობა40% მოცულობა1.75"
არაყი Beluga - 0.7L,"122,90 ₾","ბრენდიBeluga წარმოშობარუსეთი ტექნოლოგიაკლასიკური არაყი ფერიგამჭვირვალე არომატიმდიდარი,სუფთა გემორბილი ალკ. შემცველობა40% მოცულობა0.7"
არაყი Beluga - 0.7L,"122,90 ₾","ბრენდიBeluga წარმოშობარუსეთი ტექნოლოგიაკლასიკური არაყი ფერიგამჭვირვალე არომატიმდიდარი,სუფთა გემორბილი ალკ. შემცველობა40% მოცულობა0.7"
"არაყი Absolute, ველური კენკრა - 1L","54,90 ₾","ბრენდიAbsolut წარმოშობაშვედეთი ტექნოლოგიაარომატული არაყი ფერიგამჭვირვალე არომატიკენკრა გემოკენკრა, დაბალანსებული ალკ. შემცველობა38% მოცულობა1"
"არაყი Absolute, ველური კენკრა - 1L","54,90 ₾","ბრენდიAbsolut წარმოშობაშვედეთი ტექნოლოგიაარომატული არაყი ფერიგამჭვირვალე არომატიკენკრა გემოკენკრა, დაბალანსებული ალკ. შემცველობა38% მოცულობა1"
"არაყი ""სუფთა"" ლიმონის - 0.5L","25,00 ₾","ბრენდისუფთა წარმოშობასაქართველო ტექნოლოგიაარომატული არაყი ფერიგამჭვირვალე არომატილიმონი, ციტრუსი გემოლიმონი ალკ. შემცველობა36% მოცულობა0.5"
"არაყი ""სუფთა"" ლიმონის - 0.5L","25,00 ₾","ბრენდისუფთა წარმოშობასაქართველო ტექნოლოგიაარომატული არაყი ფერიგამჭვირვალე არომატილიმონი, ციტრუსი გემოლიმონი ალკ. შემცველობა36% მოცულობა0.5"
არაყი Absolut Blue - 0.7L,"42,50 ₾","ბრენდიAbsolut წარმოშობაშვედეთი ტექნოლოგიაკლასიკური არაყი ფერიგამჭვირვალე გემოდელიკატური, მარცვლეული, სხვადასხვა ჩირი ალკ. შემცველობა40% მოცულობა0.7"
არაყი Absolut Blue - 0.7L,"42,50 ₾","ბრენდიAbsolut წარმოშობაშვედეთი ტექნოლოგიაკლასიკური არაყი ფერიგამჭვირვალე გემოდელიკატური, მარცვლეული, სხვადასხვა ჩირი ალკ. შემცველობა40% მოცულობა0.7"
არაყი Distil N9 - 1L,"49,90 ₾","ბრენდიDistil N9 წარმოშობაუკრაინა ტექნოლოგიაკლასიკური არაყი ფერიგამჭვირვალე არომატირბილი გემორბილი, კარგად დაბალანსებული ალკ. შემცველობა40% მოცულობა1"
არაყი Distil N9 - 1L,"49,90 ₾","ბრენდიDistil N9 წარმოშობაუკრაინა ტექნოლოგიაკლასიკური არაყი ფერიგამჭვირვალე არომატირბილი გემორბილი, კარგად დაბალანსებული ალკ. შემცველობა40% მოცულობა1"
"Danzka, გრეიფრუტის არაყი - 1L","42,90 ₾","ბრენდიDanzka წარმოშობადანია ტექნოლოგიაარომატული არაყი ფერიგამჭვირვალე არომატიგრეიპფრუტი გემოციტრუსი, გრეიპფრუტი ალკ. შემცველობა40% მოცულობა1"
"Danzka, გრეიფრუტის არაყი - 1L","42,90 ₾","ბრენდიDanzka წარმოშობადანია ტექნოლოგიაარომატული არაყი ფერიგამჭვირვალე არომატიგრეიპფრუტი გემოციტრუსი, გრეიპფრუტი ალკ. შემცველობა40% მოცულობა1"
არაყი Parlament - 0.5L,"19,70 ₾","ბრენდიParlament წარმოშობარუსეთი ტექნოლოგიაკლასიკური არაყი ფერიგამჭვირვალე არომატითეთრი წიწაკა, პური ალკ. შემცველობა40% მოცულობა0.5"
არაყი Parlament - 0.5L,"19,70 ₾","ბრენდიParlament წარმოშობარუსეთი ტექნოლოგიაკლასიკური არაყი ფერიგამჭვირვალე არომატითეთრი წიწაკა, პური ალკ. შემცველობა40% მოცულობა0.5"
არაყი Talka - 1L,"28,20 ₾",ბრენდიTalka წარმოშობარუსეთი ტექნოლოგიაკლასიკური არაყი ფერიგამჭვირვალე არომატიინტენსიური გემოციმბირული სხვადასხვა მცენარე ალკ. შემცველობა40% მოცულობა1
არაყი Talka - 1L,"28,20 ₾",ბრენდიTalka წარმოშობარუსეთი ტექნოლოგიაკლასიკური არაყი ფერიგამჭვირვალე არომატიინტენსიური გემოციმბირული სხვადასხვა მცენარე ალკ. შემცველობა40% მოცულობა1
"Finlandia, მოცვის არაყი - 1L","49,90 ₾","ბრენდიFinlandia წარმოშობაფინეთი ტექნოლოგიაარომატული არაყი ფერიგამჭვირვალე არომატიკენკროვანი ხილი გემოშტოში,ვანილი, ჯანჯაფილი ალკ. შემცველობა37.5% მოცულობა1"
"Finlandia, მოცვის არაყი - 1L","49,90 ₾","ბრენდიFinlandia წარმოშობაფინეთი ტექნოლოგიაარომატული არაყი ფერიგამჭვირვალე არომატიკენკროვანი ხილი გემოშტოში,ვანილი, ჯანჯაფილი ალკ. შემცველობა37.5% მოცულობა1"
არაყი Parlament - 1L,"34,90 ₾","ბრენდიParlament წარმოშობარუსეთი ტექნოლოგიაკლასიკური არაყი ფერიგამჭვირვალე არომატითეთრი წიწაკა, პური გემოთეთრი და შავი წიწაკა ალკ. შემცველობა40% მოცულობა1"
არაყი Parlament - 1L,"34,90 ₾","ბრენდიParlament წარმოშობარუსეთი ტექნოლოგიაკლასიკური არაყი ფერიგამჭვირვალე არომატითეთრი წიწაკა, პური გემოთეთრი და შავი წიწაკა ალკ. შემცველობა40% მოცულობა1"
არაყი Staritsky & Levitsky Private Cellar - 0.75L,"199,90 ₾","ბრენდიStaritsky & Levitsky წარმოშობაუკრაინა ტექნოლოგიაკლასიკური არაყი ფერიგამჭვირვალე არომატინაღები,რბილი გემოპიტნა, აბზინდა, დაბალანსებული ალკ. შემცველობა40% მოცულობა0.75"
არაყი Staritsky & Levitsky Private Cellar - 0.75L,"199,90 ₾","ბრენდიStaritsky & Levitsky წარმოშობაუკრაინა ტექნოლოგიაკლასიკური არაყი ფერიგამჭვირვალე არომატინაღები,რბილი გემოპიტნა, აბზინდა, დაბალანსებული ალკ. შემცველობა40% მოცულობა0.75"
არაყი Staritsky & Levitsky - 0.5L,"49,90 ₾","ბრენდიStaritsky & Levitsky წარმოშობაუკრაინა ტექნოლოგიაკლასიკური არაყი ფერიგამჭვირვალე არომატიცოცხალი გემოჭვავის პური, ოდნავ ცხარე, დაბალანსებული ალკ. შემცველობა40% მოცულობა0.5"
არაყი Staritsky & Levitsky - 0.5L,"49,90 ₾","ბრენდიStaritsky & Levitsky წარმოშობაუკრაინა ტექნოლოგიაკლასიკური არაყი ფერიგამჭვირვალე არომატიცოცხალი გემოჭვავის პური, ოდნავ ცხარე, დაბალანსებული ალკ. შემცველობა40% მოცულობა0.5"
"Absolut, მოცხარის არაყი - 0.5L","31,50 ₾",ბრენდიAbsolut წარმოშობაშვედეთი ტექნოლოგიაარომატული არაყი ფერიგამჭვირვალე არომატიკენკროვანი ხილი გემოშავი მოცხარი ალკ. შემცველობა40% მოცულობა0.5
"Absolut, მოცხარის არაყი - 0.5L","31,50 ₾",ბრენდიAbsolut წარმოშობაშვედეთი ტექნოლოგიაარომატული არაყი ფერიგამჭვირვალე არომატიკენკროვანი ხილი გემოშავი მოცხარი ალკ. შემცველობა40% მოცულობა0.5
"არაყი Koskenkorva - 0,5L","20,90 ₾",ბრენდიKoskenkorva წარმოშობაფინეთი ტექნოლოგიაკლასიკური არაყი ფერიგამჭვირვალე არომატიდაბალანსებული გემოკლასიკური ალკ. შემცველობა40% მოცულობა0.5
"არაყი Koskenkorva - 0,5L","20,90 ₾",ბრენდიKoskenkorva წარმოშობაფინეთი ტექნოლოგიაკლასიკური არაყი ფერიგამჭვირვალე არომატიდაბალანსებული გემოკლასიკური ალკ. შემცველობა40% მოცულობა0.5
არაყი Wyborowa - 1L,"39,90 ₾",ბრენდიWyborowa წარმოშობაპოლონეთი ტექნოლოგიაკლასიკური არაყი ფერიგამჭვირვალე არომატირბილი გემოკარგად დაბალანსებული ალკ. შემცველობა40% მოცულობა1
არაყი Wyborowa - 1L,"39,90 ₾",ბრენდიWyborowa წარმოშობაპოლონეთი ტექნოლოგიაკლასიკური არაყი ფერიგამჭვირვალე არომატირბილი გემოკარგად დაბალანსებული ალკ. შემცველობა40% მოცულობა1
არაყი Grey Goose - 0.7L,"122,90 ₾","ბრენდიGrey Goose წარმოშობასაფრანგეთი ტექნოლოგიაკლასიკური არაყი ფერიგამჭვირვალე არომატისუფთა, ნუში,წიწაკა გემოანისი, წიწაკა, პარფუმი ალკ. შემცველობა40% მოცულობა0.7"
არაყი Grey Goose - 0.7L,"122,90 ₾","ბრენდიGrey Goose წარმოშობასაფრანგეთი ტექნოლოგიაკლასიკური არაყი ფერიგამჭვირვალე არომატისუფთა, ნუში,წიწაკა გემოანისი, წიწაკა, პარფუმი ალკ. შემცველობა40% მოცულობა0.7"
"Danzka, ჟოლოს არაყი - 1L","42,90 ₾",ბრენდიDanzka წარმოშობადანია ტექნოლოგიაარომატული არაყი ფერიგამჭვირვალე არომატიკენკროვანი ხილი გემოწითელი კენკროვანი ხილი ალკ. შემცველობა40% მოცულობა1
"Danzka, ჟოლოს არაყი - 1L","42,90 ₾",ბრენდიDanzka წარმოშობადანია ტექნოლოგიაარომატული არაყი ფერიგამჭვირვალე არომატიკენკროვანი ხილი გემოწითელი კენკროვანი ხილი ალკ. შემცველობა40% მოცულობა1
არაყი Absolut Elyx - 0.7L,"105,00 ₾","ბრენდიAbsolut წარმოშობაშვედეთი ტექნოლოგიაკლასიკური არაყი ფერიგამჭვირვალე არომატიკრემ ბრულე, თეთრი წიწაკა, თხილი გემოლავანდა, შავი წიწაკა ალკ. შემცველობა42.3% მოცულობა0.7"
არაყი Absolut Elyx - 0.7L,"105,00 ₾","ბრენდიAbsolut წარმოშობაშვედეთი ტექნოლოგიაკლასიკური არაყი ფერიგამჭვირვალე არომატიკრემ ბრულე, თეთრი წიწაკა, თხილი გემოლავანდა, შავი წიწაკა ალკ. შემცველობა42.3% მოცულობა0.7"
არაყი Belvedere - 0.5L,"94,90 ₾","ბრენდიBelvedere წარმოშობაპოლონეთი ტექნოლოგიაკლასიკური არაყი ფერიგამჭვირვალე არომატივანილი, ნაღები გემოვანილი, ოდნავ ცხარე პილპილი ალკ. შემცველობა40% მოცულობა0.5"
არაყი Belvedere - 0.5L,"94,90 ₾","ბრენდიBelvedere წარმოშობაპოლონეთი ტექნოლოგიაკლასიკური არაყი ფერიგამჭვირვალე არომატივანილი, ნაღები გემოვანილი, ოდნავ ცხარე პილპილი ალკ. შემცველობა40% მოცულობა0.5"
არაყი Distil N9 - 0.5L,"28,50 ₾","ბრენდიDistil N9 წარმოშობაუკრაინა ტექნოლოგიაკლასიკური არაყი ფერიგამჭვირვალე არომატირბილი გემორბილი, კარგად დაბალანსებული ალკ. შემცველობა40% მოცულობა0.5"
არაყი Distil N9 - 0.5L,"28,50 ₾","ბრენდიDistil N9 წარმოშობაუკრაინა ტექნოლოგიაკლასიკური არაყი ფერიგამჭვირვალე არომატირბილი გემორბილი, კარგად დაბალანსებული ალკ. შემცველობა40% მოცულობა0.5"
არაყი Nemiroff De Luxe - 1L,"41,50 ₾","ბრენდიNemiroff წარმოშობაუკრაინა ტექნოლოგიაკლასიკური არაყი ფერიგამჭვირვალე არომატიყვავილოვანი,ხორბალი გემოყვავილოვანი, ხორბალი ალკ. შემცველობა40% მოცულობა1"
არაყი Nemiroff De Luxe - 1L,"41,50 ₾","ბრენდიNemiroff წარმოშობაუკრაინა ტექნოლოგიაკლასიკური არაყი ფერიგამჭვირვალე არომატიყვავილოვანი,ხორბალი გემოყვავილოვანი, ხორბალი ალკ. შემცველობა40% მოცულობა1"
ქართული ღვინისგან დისტილირებული არაყი კირკე - 0.75L,"58,80 ₾",ბრენდიკირკე წარმოშობასაქართველო ტექნოლოგიაკლასიკური არაყი ფერიგამჭვირვალე არომატიდაბალანსებული გემოკლასიკური ალკ. შემცველობა40% მოცულობა0.75
ქართული ღვინისგან დისტილირებული არაყი კირკე - 0.75L,"58,80 ₾",ბრენდიკირკე წარმოშობასაქართველო ტექნოლოგიაკლასიკური არაყი ფერიგამჭვირვალე არომატიდაბალანსებული გემოკლასიკური ალკ. შემცველობა40% მოცულობა0.75
"Absolut, ვანილის არაყი - 1L","54,90 ₾","ბრენდიAbsolut წარმოშობაშვედეთი ტექნოლოგიაარომატული არაყი ფერიგამჭვირვალე არომატიინტენსიური ვანილი გემოვანილი, კარამელი, შოკოლადი ალკ. შემცველობა40% მოცულობა1"
"Absolut, ვანილის არაყი - 1L","54,90 ₾","ბრენდიAbsolut წარმოშობაშვედეთი ტექნოლოგიაარომატული არაყი ფერიგამჭვირვალე არომატიინტენსიური ვანილი გემოვანილი, კარამელი, შოკოლადი ალკ. შემცველობა40% მოცულობა1"
არაყი Celsius Classic - 0.5L,"21,70 ₾","ბრენდიCelsius წარმოშობაუკრაინა ტექნოლოგიაკლასიკური არაყი ფერიგამჭვირვალე არომატისუფთა გემომსუბუქი, ხავერდოვანი ალკ. შემცველობა40% მოცულობა0.5"
არაყი Celsius Classic - 0.5L,"21,70 ₾","ბრენდიCelsius წარმოშობაუკრაინა ტექნოლოგიაკლასიკური არაყი ფერიგამჭვირვალე არომატისუფთა გემომსუბუქი, ხავერდოვანი ალკ. შემცველობა40% მოცულობა0.5"
არაყი Belvedere - 0.7L,"122,90 ₾","ბრენდიBelvedere წარმოშობაპოლონეთი ტექნოლოგიაკლასიკური არაყი ფერიგამჭვირვალე არომატივანილი, ნაღები გემოვანილი, ოდნავ ცხარე პილპილი ალკ. შემცველობა40% მოცულობა0.7"
არაყი Belvedere - 0.7L,"122,90 ₾","ბრენდიBelvedere წარმოშობაპოლონეთი ტექნოლოგიაკლასიკური არაყი ფერიგამჭვირვალე არომატივანილი, ნაღები გემოვანილი, ოდნავ ცხარე პილპილი ალკ. შემცველობა40% მოცულობა0.7"
არაყი Air - 1L,"35,80 ₾",ბრენდიAir წარმოშობარუსეთი ტექნოლოგიაკლასიკური არაყი ფერიგამჭვირვალე ალკ. შემცველობა40% მოცულობა1
არაყი Air - 1L,"35,80 ₾",ბრენდიAir წარმოშობარუსეთი ტექნოლოგიაკლასიკური არაყი ფერიგამჭვირვალე ალკ. შემცველობა40% მოცულობა1
"Danzka, მოცხარის არაყი - 1L","42,90 ₾",ბრენდიDanzka წარმოშობადანია ტექნოლოგიაარომატული არაყი ფერიგამჭვირვალე არომატიკენკროვანი ხილი გემომოცხარი ალკ. შემცველობა40% მოცულობა1
"Danzka, მოცხარის არაყი - 1L","42,90 ₾",ბრენდიDanzka წარმოშობადანია ტექნოლოგიაარომატული არაყი ფერიგამჭვირვალე არომატიკენკროვანი ხილი გემომოცხარი ალკ. შემცველობა40% მოცულობა1
"Nemiroff, ხორბლის არაყი -1L","34,70 ₾","ბრენდიNemiroff წარმოშობაუკრაინა ტექნოლოგიაკლასიკური არაყი ფერიგამჭვირვალე არომატიდელიკატური, ხორბალი გემოდელიკატური, ხორბალი ალკ. შემცველობა40% მოცულობა1"
"Nemiroff, ხორბლის არაყი -1L","34,70 ₾","ბრენდიNemiroff წარმოშობაუკრაინა ტექნოლოგიაკლასიკური არაყი ფერიგამჭვირვალე არომატიდელიკატური, ხორბალი გემოდელიკატური, ხორბალი ალკ. შემცველობა40% მოცულობა1"
"Nemiroff Osobaya, ხორბლის არაყი - 0.7L","12,50 ₾","ბრენდიNemiroff წარმოშობაუკრაინა ტექნოლოგიაკლასიკური არაყი ფერიგამჭვირვალე არომატიყვავილოვანი, ხორბალი გემოყვავილოვანი, ხორბალი ალკ. შემცველობა40% მოცულობა0.7"
"Nemiroff Osobaya, ხორბლის არაყი - 0.7L","12,50 ₾","ბრენდიNemiroff წარმოშობაუკრაინა ტექნოლოგიაკლასიკური არაყი ფერიგამჭვირვალე არომატიყვავილოვანი, ხორბალი გემოყვავილოვანი, ხორბალი ალკ. შემცველობა40% მოცულობა0.7"
"არაყი Smirnoff, წითელი - 0.5L","26,90 ₾","ბრენდიSmirnoff წარმოშობაინგლისი ტექნოლოგიაკლასიკური არაყი ფერიგამჭვირვალე გემოკლასიკური არაყი,რბილი, სასიამოვნო ალკ. შემცველობა40% მოცულობა0.5"
"არაყი Smirnoff, წითელი - 0.5L","26,90 ₾","ბრენდიSmirnoff წარმოშობაინგლისი ტექნოლოგიაკლასიკური არაყი ფერიგამჭვირვალე გემოკლასიკური არაყი,რბილი, სასიამოვნო ალკ. შემცველობა40% მოცულობა0.5"
არაყი Finlandia - 0.7L,"36,90 ₾","ბრენდიFinlandia წარმოშობაფინეთი ტექნოლოგიაკლასიკური არაყი ფერიგამჭვირვალე გემომშრალი,გამჭირვალე,,მშვიდი ალკ. შემცველობა40% მოცულობა0.7"
არაყი Finlandia - 0.7L,"36,90 ₾","ბრენდიFinlandia წარმოშობაფინეთი ტექნოლოგიაკლასიკური არაყი ფერიგამჭვირვალე გემომშრალი,გამჭირვალე,,მშვიდი ალკ. შემცველობა40% მოცულობა0.7"
არაყი Stolichnaya - 0.5L,"25,20 ₾",ბრენდიStolichnaya წარმოშობარუსეთი ტექნოლოგიაკლასიკური არაყი ფერიგამჭვირვალე გემოციტრუსები ალკ. შემცველობა40% მოცულობა0.5
არაყი Stolichnaya - 0.5L,"25,20 ₾",ბრენდიStolichnaya წარმოშობარუსეთი ტექნოლოგიაკლასიკური არაყი ფერიგამჭვირვალე გემოციტრუსები ალკ. შემცველობა40% მოცულობა0.5
"Danzka, ციტრუსის არაყი 1L","42,90 ₾",ბრენდიDanzka წარმოშობადანია ტექნოლოგიაარომატული არაყი ფერიგამჭვირვალე არომატიციტრუსი გემოდაბალანსებული ციტრუსი ალკ. შემცველობა40% მოცულობა1
"Danzka, ციტრუსის არაყი 1L","42,90 ₾",ბრენდიDanzka წარმოშობადანია ტექნოლოგიაარომატული არაყი ფერიგამჭვირვალე არომატიციტრუსი გემოდაბალანსებული ციტრუსი ალკ. შემცველობა40% მოცულობა1
არაყი Air - 0.5L,"16,10 ₾",ბრენდიAir წარმოშობარუსეთი ტექნოლოგიაკლასიკური არაყი ფერიგამჭვირვალე ალკ. შემცველობა40% მოცულობა0.5
არაყი Air - 0.5L,"16,10 ₾",ბრენდიAir წარმოშობარუსეთი ტექნოლოგიაკლასიკური არაყი ფერიგამჭვირვალე ალკ. შემცველობა40% მოცულობა0.5
არაყი Nemiroff Original - 0.5L,"13,40 ₾","ბრენდიNemiroff წარმოშობაუკრაინა ტექნოლოგიაკლასიკური არაყი ფერიგამჭვირვალე გემოხორბალი,თაფლი ალკ. შემცველობა40% მოცულობა0.5"
არაყი Nemiroff Original - 0.5L,"13,40 ₾","ბრენდიNemiroff წარმოშობაუკრაინა ტექნოლოგიაკლასიკური არაყი ფერიგამჭვირვალე გემოხორბალი,თაფლი ალკ. შემცველობა40% მოცულობა0.5"
"Nemiroff, ხორბლის არაყი - 0.5L","19,10 ₾","ბრენდიNemiroff წარმოშობაუკრაინა ტექნოლოგიაკლასიკური არაყი ფერიგამჭვირვალე გემოდელიკატური, ხორბალი ალკ. შემცველობა40% მოცულობა0.5"
"Nemiroff, ხორბლის არაყი - 0.5L","19,10 ₾","ბრენდიNemiroff წარმოშობაუკრაინა ტექნოლოგიაკლასიკური არაყი ფერიგამჭვირვალე გემოდელიკატური, ხორბალი ალკ. შემცველობა40% მოცულობა0.5"
"Finlandia, გრეიფრუტის არაყი - 0.7L","34,90 ₾",ბრენდიFinlandia წარმოშობაფინეთი ტექნოლოგიაარომატული არაყი ფერიგამჭვირვალე არომატიციტრუსი გემოახლად გამოწურული გრეიპფრუტი ალკ. შემცველობა40% მოცულობა0.7
"Finlandia, გრეიფრუტის არაყი - 0.7L","34,90 ₾",ბრენდიFinlandia წარმოშობაფინეთი ტექნოლოგიაარომატული არაყი ფერიგამჭვირვალე არომატიციტრუსი გემოახლად გამოწურული გრეიპფრუტი ალკ. შემცველობა40% მოცულობა0.7
არაყი Medoff Original - 0.5L,"14,30 ₾","ბრენდიMedoff წარმოშობაუკრაინა ტექნოლოგიაკლასიკური არაყი ფერიგამჭვირვალე არომატიცოცხალი გემორბილი, თაფლი ალკ. შემცველობა40% მოცულობა0.5"
არაყი Medoff Original - 0.5L,"14,30 ₾","ბრენდიMedoff წარმოშობაუკრაინა ტექნოლოგიაკლასიკური არაყი ფერიგამჭვირვალე არომატიცოცხალი გემორბილი, თაფლი ალკ. შემცველობა40% მოცულობა0.5"
"არაყი Smirnoff, წითელი - 0.75L","34,90 ₾","ბრენდიSmirnoff წარმოშობაინგლისი ტექნოლოგიაკლასიკური არაყი ფერიგამჭვირვალე გემოკლასიკური არაყი,რბილი, სასიამოვნო ალკ. შემცველობა40% მოცულობა0.75"
"არაყი Smirnoff, წითელი - 0.75L","34,90 ₾","ბრენდიSmirnoff წარმოშობაინგლისი ტექნოლოგიაკლასიკური არაყი ფერიგამჭვირვალე გემოკლასიკური არაყი,რბილი, სასიამოვნო ალკ. შემცველობა40% მოცულობა0.75"
"Nemiroff, თაფლის და წიწაკის არაყი - 1L","27,30 ₾","ბრენდიNemiroff წარმოშობაუკრაინა ტექნოლოგიაარომატული არაყი ფერიგამჭვირვალე გემოთაფლი,წიწაკა ალკ. შემცველობა40% მოცულობა1"
"Nemiroff, თაფლის და წიწაკის არაყი - 1L","27,30 ₾","ბრენდიNemiroff წარმოშობაუკრაინა ტექნოლოგიაარომატული არაყი ფერიგამჭვირვალე გემოთაფლი,წიწაკა ალკ. შემცველობა40% მოცულობა1"
"Finlandia, შავი მოცხარის არაყი - 0.5L","28,50 ₾","ბრენდიFinlandia წარმოშობაფინეთი ტექნოლოგიაარომატული არაყი ფერიგამჭვირვალე არომატიკენკროვანი ხილი გემოწიწაკა, შავი მოცხარი ალკ. შემცველობა37.5% მოცულობა0.5"
"Finlandia, შავი მოცხარის არაყი - 0.5L","28,50 ₾","ბრენდიFinlandia წარმოშობაფინეთი ტექნოლოგიაარომატული არაყი ფერიგამჭვირვალე არომატიკენკროვანი ხილი გემოწიწაკა, შავი მოცხარი ალკ. შემცველობა37.5% მოცულობა0.5"
არაყი Beluga Noble - 0.05L,"15,00 ₾","ბრენდიBeluga წარმოშობარუსეთი ტექნოლოგიაკლასიკური არაყი ფერიგამჭვირვალე არომატირბილი, ხავერდოვანი გემორბილი, ხავერდოვანი ალკ. შემცველობა40% მოცულობა0.05"
არაყი Beluga Noble - 0.05L,"15,00 ₾","ბრენდიBeluga წარმოშობარუსეთი ტექნოლოგიაკლასიკური არაყი ფერიგამჭვირვალე არომატირბილი, ხავერდოვანი გემორბილი, ხავერდოვანი ალკ. შემცველობა40% მოცულობა0.05"
"Absolut, მანდარინის არაყი - 0.7L","40,90 ₾","ბრენდიAbsolut წარმოშობაშვედეთი ტექნოლოგიაარომატული არაყი ფერიგამჭვირვალე არომატიციტრუსი გემომანდარინი,ფორთოხალი ალკ. შემცველობა40% მოცულობა0.7"
"Absolut, მანდარინის არაყი - 0.7L","40,90 ₾","ბრენდიAbsolut წარმოშობაშვედეთი ტექნოლოგიაარომატული არაყი ფერიგამჭვირვალე არომატიციტრუსი გემომანდარინი,ფორთოხალი ალკ. შემცველობა40% მოცულობა0.7"
არაყი Absolut Blue - 0.05L,"6,00 ₾","ბრენდიAbsolut წარმოშობაშვედეთი ტექნოლოგიაკლასიკური არაყი ფერიგამჭვირვალე გემოდელიკატური, მარცვლეული, სხვადასხვა ჩირი ალკ. შემცველობა40% მოცულობა0.05"
არაყი Absolut Blue - 0.05L,"6,00 ₾","ბრენდიAbsolut წარმოშობაშვედეთი ტექნოლოგიაკლასიკური არაყი ფერიგამჭვირვალე გემოდელიკატური, მარცვლეული, სხვადასხვა ჩირი ალკ. შემცველობა40% მოცულობა0.05"
არაყი Zubrowka Biala - 1L,"24,90 ₾",ბრენდიZubrowka წარმოშობაპოლონეთი ტექნოლოგიაკლასიკური არაყი ფერიგამჭვირვალე არომატიბალახეული გემომსუბქი ალკ. შემცველობა40% მოცულობა1
არაყი Zubrowka Biala - 1L,"24,90 ₾",ბრენდიZubrowka წარმოშობაპოლონეთი ტექნოლოგიაკლასიკური არაყი ფერიგამჭვირვალე არომატიბალახეული გემომსუბქი ალკ. შემცველობა40% მოცულობა1
არაყი Khortytsa Classic - 1L,"32,30 ₾",ბრენდიKhortytsa წარმოშობაუკრაინა ტექნოლოგიაკლასიკური არაყი ფერიგამჭვირვალე არომატისუფთა გემომსუბუქი ალკ. შემცველობა40% მოცულობა1
არაყი Khortytsa Classic - 1L,"32,30 ₾",ბრენდიKhortytsa წარმოშობაუკრაინა ტექნოლოგიაკლასიკური არაყი ფერიგამჭვირვალე არომატისუფთა გემომსუბუქი ალკ. შემცველობა40% მოცულობა1
არაყი Medoff Winter - 0.5L,"16,20 ₾","ბრენდიMedoff წარმოშობაუკრაინა ტექნოლოგიაკლასიკური არაყი ფერიგამჭვირვალე არომატიცოცხალი გემორბილი, თაფლი ალკ. შემცველობა40% მოცულობა0.5"
არაყი Medoff Winter - 0.5L,"16,20 ₾","ბრენდიMedoff წარმოშობაუკრაინა ტექნოლოგიაკლასიკური არაყი ფერიგამჭვირვალე არომატიცოცხალი გემორბილი, თაფლი ალკ. შემცველობა40% მოცულობა0.5"
არაყი Medoff Classic - 0.7L,"18,40 ₾","ბრენდიMedoff წარმოშობაუკრაინა ტექნოლოგიაკლასიკური არაყი ფერიგამჭვირვალე არომატიცოცხალი გემორბილი, თაფლი ალკ. შემცველობა40% მოცულობა0.7"
არაყი Medoff Classic - 0.7L,"18,40 ₾","ბრენდიMedoff წარმოშობაუკრაინა ტექნოლოგიაკლასიკური არაყი ფერიგამჭვირვალე არომატიცოცხალი გემორბილი, თაფლი ალკ. შემცველობა40% მოცულობა0.7"
არაყი Zelionaya Marka - 0.5L,"11,90 ₾","ბრენდიZelionaya Marka წარმოშობარუსეთი ტექნოლოგიაკლასიკური არაყი ფერიგამჭვირვალე არომატითეთრი პური, ანისი გემომოტკბო, მარცვლეული ალკ. შემცველობა40% მოცულობა0.5"
არაყი Zelionaya Marka - 0.5L,"11,90 ₾","ბრენდიZelionaya Marka წარმოშობარუსეთი ტექნოლოგიაკლასიკური არაყი ფერიგამჭვირვალე არომატითეთრი პური, ანისი გემომოტკბო, მარცვლეული ალკ. შემცველობა40% მოცულობა0.5"
არაყი Nemiroff Delikat - 0.7L,"25,40 ₾","ბრენდიNemiroff წარმოშობაუკრაინა ტექნოლოგიაკლასიკური არაყი ფერიგამჭვირვალე გემოხორბალი,ჯანჯაფილი ალკ. შემცველობა40% მოცულობა0.7"
არაყი Nemiroff Delikat - 0.7L,"25,40 ₾","ბრენდიNemiroff წარმოშობაუკრაინა ტექნოლოგიაკლასიკური არაყი ფერიგამჭვირვალე გემოხორბალი,ჯანჯაფილი ალკ. შემცველობა40% მოცულობა0.7"
"რახი, Yeni Raki - 1L","75,90 ₾","ბრენდიYeni Raki წარმოშობათურქეთი ტექნოლოგიარახი ფერიგამჭვირვალე არომატიანისი გემოანისი, ყურძენი ალკ. შემცველობა45% მოცულობა1"
"რახი, Yeni Raki - 1L","75,90 ₾","ბრენდიYeni Raki წარმოშობათურქეთი ტექნოლოგიარახი ფერიგამჭვირვალე არომატიანისი გემოანისი, ყურძენი ალკ. შემცველობა45% მოცულობა1"
"Nemiroff De Luxe, თაფლის და წიწაკის არაყი - 1L","45,10 ₾","ბრენდიNemiroff წარმოშობაუკრაინა ტექნოლოგიაარომატული არაყი ფერიგამჭვირვალე არომატითაფლი, წიწაკა გემოთაფლი,წიწაკა ალკ. შემცველობა40% მოცულობა1"
"Nemiroff De Luxe, თაფლის და წიწაკის არაყი - 1L","45,10 ₾","ბრენდიNemiroff წარმოშობაუკრაინა ტექნოლოგიაარომატული არაყი ფერიგამჭვირვალე არომატითაფლი, წიწაკა გემოთაფლი,წიწაკა ალკ. შემცველობა40% მოცულობა1"
არაყი Nemiroff De Luxe - 0.7L,"29,90 ₾","ბრენდიNemiroff წარმოშობაუკრაინა ტექნოლოგიაკლასიკური არაყი ფერიგამჭვირვალე არომატიყვავილოვანი, ხორბალი გემოყვავილოვანი, ხორბალი ალკ. შემცველობა40% მოცულობა0.7"
არაყი Nemiroff De Luxe - 0.7L,"29,90 ₾","ბრენდიNemiroff წარმოშობაუკრაინა ტექნოლოგიაკლასიკური არაყი ფერიგამჭვირვალე არომატიყვავილოვანი, ხორბალი გემოყვავილოვანი, ხორბალი ალკ. შემცველობა40% მოცულობა0.7"
არაყი Medoff Classic - 1L,"28,80 ₾","ბრენდიMedoff წარმოშობაუკრაინა ტექნოლოგიაკლასიკური არაყი ფერიგამჭვირვალე არომატიცოცხალი გემორბილი, თაფლი ალკ. შემცველობა40% მოცულობა1"
არაყი Medoff Classic - 1L,"28,80 ₾","ბრენდიMedoff წარმოშობაუკრაინა ტექნოლოგიაკლასიკური არაყი ფერიგამჭვირვალე არომატიცოცხალი გემორბილი, თაფლი ალკ. შემცველობა40% მოცულობა1"
"Nemiroff De Luxe, თაფლის და წიწაკის არაყი - 0.7L","32,40 ₾","ბრენდიNemiroff წარმოშობაუკრაინა ტექნოლოგიაარომატული არაყი ფერიგამჭვირვალე არომატითაფლი, წიწაკა გემოთაფლი,წიწაკა ალკ. შემცველობა40% მოცულობა0.7"
"Nemiroff De Luxe, თაფლის და წიწაკის არაყი - 0.7L","32,40 ₾","ბრენდიNemiroff წარმოშობაუკრაინა ტექნოლოგიაარომატული არაყი ფერიგამჭვირვალე არომატითაფლი, წიწაკა გემოთაფლი,წიწაკა ალკ. შემცველობა40% მოცულობა0.7"
არაყი Tito's - 0.5L,"34,50 ₾","ბრენდიTito's წარმოშობაამერიკა ტექნოლოგიაკლასიკური არაყი ფერიგამჭვირვალე არომატიდაბალანსებული გემორბილი, დაბალანსებული ალკ. შემცველობა40% მოცულობა0.5"
არაყი Tito's - 0.5L,"34,50 ₾","ბრენდიTito's წარმოშობაამერიკა ტექნოლოგიაკლასიკური არაყი ფერიგამჭვირვალე არომატიდაბალანსებული გემორბილი, დაბალანსებული ალკ. შემცველობა40% მოცულობა0.5"
არაყი Stolichnaya - 1L,"35,90 ₾",ბრენდიStolichnaya წარმოშობარუსეთი ტექნოლოგიაკლასიკური არაყი ფერიგამჭვირვალე გემოციტრუსები ალკ. შემცველობა40% მოცულობა1
არაყი Stolichnaya - 1L,"35,90 ₾",ბრენდიStolichnaya წარმოშობარუსეთი ტექნოლოგიაკლასიკური არაყი ფერიგამჭვირვალე გემოციტრუსები ალკ. შემცველობა40% მოცულობა1
არაყი Medoff Winter - 1L,"28,80 ₾","ბრენდიMedoff წარმოშობაუკრაინა ტექნოლოგიაკლასიკური არაყი ფერიგამჭვირვალე არომატიცოცხალი გემორბილი, თაფლი ალკ. შემცველობა40% მოცულობა1"
არაყი Medoff Winter - 1L,"28,80 ₾","ბრენდიMedoff წარმოშობაუკრაინა ტექნოლოგიაკლასიკური არაყი ფერიგამჭვირვალე არომატიცოცხალი გემორბილი, თაფლი ალკ. შემცველობა40% მოცულობა1"
არაყი Finlandia - 0.05L,"6,00 ₾","ბრენდიFinlandia წარმოშობაფინეთი ტექნოლოგიაკლასიკური არაყი ფერიგამჭვირვალე გემომშრალი,გამჭირვალე,,მშვიდი ალკ. შემცველობა40% მოცულობა0.05"
არაყი Finlandia - 0.05L,"6,00 ₾","ბრენდიFinlandia წარმოშობაფინეთი ტექნოლოგიაკლასიკური არაყი ფერიგამჭვირვალე გემომშრალი,გამჭირვალე,,მშვიდი ალკ. შემცველობა40% მოცულობა0.05"
არაყი Khortytsa Ice - 0.5L,"20,70 ₾",ბრენდიKhortytsa წარმოშობაუკრაინა ტექნოლოგიაკლასიკური არაყი ფერიგამჭვირვალე არომატიმსუბუქი პიტნა გემოგამაგრილებელი ალკ. შემცველობა40% მოცულობა0.5
არაყი Khortytsa Ice - 0.5L,"20,70 ₾",ბრენდიKhortytsa წარმოშობაუკრაინა ტექნოლოგიაკლასიკური არაყი ფერიგამჭვირვალე არომატიმსუბუქი პიტნა გემოგამაგრილებელი ალკ. შემცველობა40% მოცულობა0.5
"Nemiroff, თაფლის და წიწაკის არაყი - 0.5L","15,40 ₾","ბრენდიNemiroff წარმოშობაუკრაინა ტექნოლოგიაარომატული არაყი ფერიგამჭვირვალე გემოთაფლი,წიწაკა ალკ. შემცველობა40% მოცულობა0.5"
"Nemiroff, თაფლის და წიწაკის არაყი - 0.5L","15,40 ₾","ბრენდიNemiroff წარმოშობაუკრაინა ტექნოლოგიაარომატული არაყი ფერიგამჭვირვალე გემოთაფლი,წიწაკა ალკ. შემცველობა40% მოცულობა0.5"
არაყი Nemiroff Delikat - 1L,"34,70 ₾","ბრენდიNemiroff წარმოშობაუკრაინა ტექნოლოგიაკლასიკური არაყი ფერიგამჭვირვალე გემოხორბალი,ჯანჯაფილი ალკ. შემცველობა40% მოცულობა1"
არაყი Nemiroff Delikat - 1L,"34,70 ₾","ბრენდიNemiroff წარმოშობაუკრაინა ტექნოლოგიაკლასიკური არაყი ფერიგამჭვირვალე გემოხორბალი,ჯანჯაფილი ალკ. შემცველობა40% მოცულობა1"
არაყი Celsius lux - 1L,"35,00 ₾",ბრენდიCelsius წარმოშობაუკრაინა ტექნოლოგიალუქსი ფერიგამჭვირვალე არომატიჰარმონიული გემოდაბალანსებული ალკ. შემცველობა40% მოცულობა1
არაყი Celsius lux - 1L,"35,00 ₾",ბრენდიCelsius წარმოშობაუკრაინა ტექნოლოგიალუქსი ფერიგამჭვირვალე არომატიჰარმონიული გემოდაბალანსებული ალკ. შემცველობა40% მოცულობა1
არაყი Celsius Original - 0.7L,"29,40 ₾","ბრენდიCelsius წარმოშობაუკრაინა ტექნოლოგიაკლასიკური არაყი ფერიგამჭვირვალე არომატისუფთა გემომსუბუქი, ხავერდოვანი ალკ. შემცველობა40% მოცულობა0.7"
არაყი Celsius Original - 0.7L,"29,40 ₾","ბრენდიCelsius წარმოშობაუკრაინა ტექნოლოგიაკლასიკური არაყი ფერიგამჭვირვალე არომატისუფთა გემომსუბუქი, ხავერდოვანი ალკ. შემცველობა40% მოცულობა0.7"
არაყი Medoff Royal - 1L,"30,60 ₾","ბრენდიMedoff წარმოშობაუკრაინა ტექნოლოგიაკლასიკური არაყი ფერიგამჭვირვალე არომატიცოცხალი გემორბილი, თაფლი ალკ. შემცველობა40% მოცულობა1"
არაყი Medoff Royal - 1L,"30,60 ₾","ბრენდიMedoff წარმოშობაუკრაინა ტექნოლოგიაკლასიკური არაყი ფერიგამჭვირვალე არომატიცოცხალი გემორბილი, თაფლი ალკ. შემცველობა40% მოცულობა1"
არაყი Medoff Royal - 0.5L,"16,80 ₾","ბრენდიMedoff წარმოშობაუკრაინა ტექნოლოგიაკლასიკური არაყი ფერიგამჭვირვალე არომატიცოცხალი გემორბილი, თაფლი ალკ. შემცველობა40% მოცულობა0.5"
არაყი Medoff Royal - 0.5L,"16,80 ₾","ბრენდიMedoff წარმოშობაუკრაინა ტექნოლოგიაკლასიკური არაყი ფერიგამჭვირვალე არომატიცოცხალი გემორბილი, თაფლი ალკ. შემცველობა40% მოცულობა0.5"
არაყი Zelionaya Marka - 1L,"29,10 ₾","ბრენდიZelionaya Marka წარმოშობარუსეთი ტექნოლოგიაკლასიკური არაყი ფერიგამჭვირვალე არომატითეთრი პური, ანისი გემომოტკბო, მარცვლეული ალკ. შემცველობა40% მოცულობა1"
არაყი Zelionaya Marka - 1L,"29,10 ₾","ბრენდიZelionaya Marka წარმოშობარუსეთი ტექნოლოგიაკლასიკური არაყი ფერიგამჭვირვალე არომატითეთრი პური, ანისი გემომოტკბო, მარცვლეული ალკ. შემცველობა40% მოცულობა1"
არაყი Staritsky & Levitsky - 0.7L,"64,90 ₾","ბრენდიStaritsky & Levitsky წარმოშობაუკრაინა ტექნოლოგიაკლასიკური არაყი ფერიგამჭვირვალე არომატიცოცხალი გემოჭვავის პური, ოდნავ ცხარე, დაბალანსებული ალკ. შემცველობა40% მოცულობა0.7"
არაყი Staritsky & Levitsky - 0.7L,"64,90 ₾","ბრენდიStaritsky & Levitsky წარმოშობაუკრაინა ტექნოლოგიაკლასიკური არაყი ფერიგამჭვირვალე არომატიცოცხალი გემოჭვავის პური, ოდნავ ცხარე, დაბალანსებული ალკ. შემცველობა40% მოცულობა0.7"
არაყი Celsius Original - 0.5L,"21,70 ₾","ბრენდიCelsius წარმოშობაუკრაინა ტექნოლოგიაკლასიკური არაყი ფერიგამჭვირვალე არომატისუფთა გემომსუბუქი, ხავერდოვანი ალკ. შემცველობა40% მოცულობა0.5"
არაყი Celsius Original - 0.5L,"21,70 ₾","ბრენდიCelsius წარმოშობაუკრაინა ტექნოლოგიაკლასიკური არაყი ფერიგამჭვირვალე არომატისუფთა გემომსუბუქი, ხავერდოვანი ალკ. შემცველობა40% მოცულობა0.5"
არაყი Celsius Lux - 0.5L,"21,70 ₾",ბრენდიCelsius წარმოშობაუკრაინა ტექნოლოგიაკლასიკური არაყი ფერიგამჭვირვალე არომატიჰარმონიული გემოდაბალანსებული ალკ. შემცველობა40% მოცულობა0.5
არაყი Celsius Lux - 0.5L,"21,70 ₾",ბრენდიCelsius წარმოშობაუკრაინა ტექნოლოგიაკლასიკური არაყი ფერიგამჭვირვალე არომატიჰარმონიული გემოდაბალანსებული ალკ. შემცველობა40% მოცულობა0.5
არაყი Moskovskaya - 1L,"33,60 ₾","ბრენდიMoskovskaya წარმოშობარუსეთი ტექნოლოგიაკლასიკური არაყი ფერიგამჭვირვალე გემორბილი, პიტნა, ანისი, თეთრი წიწაკა ალკ. შემცველობა40% მოცულობა1"
არაყი Moskovskaya - 1L,"33,60 ₾","ბრენდიMoskovskaya წარმოშობარუსეთი ტექნოლოგიაკლასიკური არაყი ფერიგამჭვირვალე გემორბილი, პიტნა, ანისი, თეთრი წიწაკა ალკ. შემცველობა40% მოცულობა1"
არაყი Celsius Classic - 0.7L,"29,40 ₾","ბრენდიCelsius წარმოშობაუკრაინა ტექნოლოგიაკლასიკური არაყი ფერიგამჭვირვალე არომატისუფთა გემომსუბუქი, ხავერდოვანი ალკ. შემცველობა40% მოცულობა0.7"
არაყი Celsius Classic - 0.7L,"29,40 ₾","ბრენდიCelsius წარმოშობაუკრაინა ტექნოლოგიაკლასიკური არაყი ფერიგამჭვირვალე არომატისუფთა გემომსუბუქი, ხავერდოვანი ალკ. შემცველობა40% მოცულობა0.7"
არაყი Stoli - 0.5L,"21,50 ₾",ბრენდიStoli წარმოშობალატვია ტექნოლოგიაკლასიკური არაყი ფერიგამჭვირვალე გემოციტრუსები ალკ. შემცველობა40% მოცულობა0.5
არაყი Stoli - 0.5L,"21,50 ₾",ბრენდიStoli წარმოშობალატვია ტექნოლოგიაკლასიკური არაყი ფერიგამჭვირვალე გემოციტრუსები ალკ. შემცველობა40% მოცულობა0.5
არაყი Russian Standard Original - 1L,"44,10 ₾","ბრენდიRussian Standard წარმოშობარუსეთი ტექნოლოგიაკლასიკური არაყი ფერიგამჭვირვალე გემოკლასიკური არაყი,რბილი, სასიამოვნო ალკ. შემცველობა40% მოცულობა1"
არაყი Russian Standard Original - 1L,"44,10 ₾","ბრენდიRussian Standard წარმოშობარუსეთი ტექნოლოგიაკლასიკური არაყი ფერიგამჭვირვალე გემოკლასიკური არაყი,რბილი, სასიამოვნო ალკ. შემცველობა40% მოცულობა1"
არაყი Danzka - 1.75L,"99,00 ₾","ბრენდიDanzka წარმოშობადანია ტექნოლოგიაკლასიკური არაყი ფერიგამჭვირვალე არომატიდელიკატური,მდიდარი გემოდელიკატური,მდიდარი ალკ. შემცველობა40% მოცულობა1.75"
არაყი Danzka - 1.75L,"99,00 ₾","ბრენდიDanzka წარმოშობადანია ტექნოლოგიაკლასიკური არაყი ფერიგამჭვირვალე არომატიდელიკატური,მდიდარი გემოდელიკატური,მდიდარი ალკ. შემცველობა40% მოცულობა1.75"
არაყი Medoff Original - 0.7L,"22,80 ₾","ბრენდიMedoff წარმოშობაუკრაინა ტექნოლოგიაკლასიკური არაყი ფერიგამჭვირვალე არომატიცოცხალი გემორბილი, თაფლი ალკ. შემცველობა40% მოცულობა0.7"
არაყი Medoff Original - 0.7L,"22,80 ₾","ბრენდიMedoff წარმოშობაუკრაინა ტექნოლოგიაკლასიკური არაყი ფერიგამჭვირვალე არომატიცოცხალი გემორბილი, თაფლი ალკ. შემცველობა40% მოცულობა0.7"
არაყი Medoff Classic - 0.5L,"16,20 ₾","ბრენდიMedoff წარმოშობაუკრაინა ტექნოლოგიაკლასიკური არაყი ფერიგამჭვირვალე არომატიცოცხალი გემორბილი, თაფლი ალკ. შემცველობა40% მოცულობა0.5"
არაყი Medoff Classic - 0.5L,"16,20 ₾","ბრენდიMedoff წარმოშობაუკრაინა ტექნოლოგიაკლასიკური არაყი ფერიგამჭვირვალე არომატიცოცხალი გემორბილი, თაფლი ალკ. შემცველობა40% მოცულობა0.5"
არაყი Talka - 0.7L,"20,60 ₾",ბრენდიTalka წარმოშობარუსეთი ტექნოლოგიაკლასიკური არაყი ფერიგამჭვირვალე არომატიინტენსიური გემოციმბირული სხვადასხვა მცენარე ალკ. შემცველობა40% მოცულობა0.7
არაყი Talka - 0.7L,"20,60 ₾",ბრენდიTalka წარმოშობარუსეთი ტექნოლოგიაკლასიკური არაყი ფერიგამჭვირვალე არომატიინტენსიური გემოციმბირული სხვადასხვა მცენარე ალკ. შემცველობა40% მოცულობა0.7
არაყი Grey Goose - 0.05L,"15,00 ₾","ბრენდიGrey Goose წარმოშობასაფრანგეთი ტექნოლოგიაკლასიკური არაყი ფერიგამჭვირვალე არომატისუფთა, ნუში,წიწაკა გემოანისი, წიწაკა, პარფუმი ალკ. შემცველობა40% მოცულობა0.05"
არაყი Grey Goose - 0.05L,"15,00 ₾","ბრენდიGrey Goose წარმოშობასაფრანგეთი ტექნოლოგიაკლასიკური არაყი ფერიგამჭვირვალე არომატისუფთა, ნუში,წიწაკა გემოანისი, წიწაკა, პარფუმი ალკ. შემცველობა40% მოცულობა0.05"
არაყი Khortytsa Classic  - 0.7L,"23,50 ₾",ბრენდიKhortytsa წარმოშობაუკრაინა ტექნოლოგიაკლასიკური არაყი ფერიგამჭვირვალე არომატისუფთა გემომსუბუქი ალკ. შემცველობა40% მოცულობა0.7
არაყი Khortytsa Classic  - 0.7L,"23,50 ₾",ბრენდიKhortytsa წარმოშობაუკრაინა ტექნოლოგიაკლასიკური არაყი ფერიგამჭვირვალე არომატისუფთა გემომსუბუქი ალკ. შემცველობა40% მოცულობა0.7
არაყი Khortytsa Classic - 0.5L,"17,30 ₾",ბრენდიKhortytsa წარმოშობაუკრაინა ტექნოლოგიაკლასიკური არაყი ფერიგამჭვირვალე არომატისუფთა გემორბილი ალკ. შემცველობა40% მოცულობა0.5
არაყი Khortytsa Classic - 0.5L,"17,30 ₾",ბრენდიKhortytsa წარმოშობაუკრაინა ტექნოლოგიაკლასიკური არაყი ფერიგამჭვირვალე არომატისუფთა გემორბილი ალკ. შემცველობა40% მოცულობა0.5
არაყი Celsius Lux - 0.7L,"29,40 ₾",ბრენდიCelsius წარმოშობაუკრაინა ტექნოლოგიაკლასიკური არაყი ფერიგამჭვირვალე არომატიჰარმონიული გემოდაბალანსებული ალკ. შემცველობა40% მოცულობა0.7
არაყი Celsius Lux - 0.7L,"29,40 ₾",ბრენდიCelsius წარმოშობაუკრაინა ტექნოლოგიაკლასიკური არაყი ფერიგამჭვირვალე არომატიჰარმონიული გემოდაბალანსებული ალკ. შემცველობა40% მოცულობა0.7
არაყი Tito's - 1L,"59,90 ₾","ბრენდიTito's წარმოშობაამერიკა ტექნოლოგიაკლასიკური არაყი ფერიგამჭვირვალე არომატიდაბალანსებული გემორბილი, დაბალანსებული ალკ. შემცველობა40% მოცულობა1"
არაყი Tito's - 1L,"59,90 ₾","ბრენდიTito's წარმოშობაამერიკა ტექნოლოგიაკლასიკური არაყი ფერიგამჭვირვალე არომატიდაბალანსებული გემორბილი, დაბალანსებული ალკ. შემცველობა40% მოცულობა1"
არაყი Medoff Royal - 0.7L,"22,80 ₾","ბრენდიMedoff წარმოშობაუკრაინა ტექნოლოგიაკლასიკური არაყი ფერიგამჭვირვალე არომატიცოცხალი გემორბილი, თაფლი ალკ. შემცველობა40% მოცულობა0.7"
არაყი Medoff Royal - 0.7L,"22,80 ₾","ბრენდიMedoff წარმოშობაუკრაინა ტექნოლოგიაკლასიკური არაყი ფერიგამჭვირვალე არომატიცოცხალი გემორბილი, თაფლი ალკ. შემცველობა40% მოცულობა0.7"
არაყი Medoff Winter - 0.7L,"21,50 ₾","ბრენდიMedoff წარმოშობაუკრაინა ტექნოლოგიაკლასიკური არაყი ფერიგამჭვირვალე არომატიცოცხალი გემორბილი, თაფლი ალკ. შემცველობა40% მოცულობა0.7"
არაყი Medoff Winter - 0.7L,"21,50 ₾","ბრენდიMedoff წარმოშობაუკრაინა ტექნოლოგიაკლასიკური არაყი ფერიგამჭვირვალე არომატიცოცხალი გემორბილი, თაფლი ალკ. შემცველობა40% მოცულობა0.7"
არაყი Khortytsa Ice - 0.7L,"27,60 ₾",ბრენდიKhortytsa წარმოშობაუკრაინა ტექნოლოგიაკლასიკური არაყი ფერიგამჭვირვალე არომატიმსუბუქი პიტნა გემოგამაგრილებელი ალკ. შემცველობა40% მოცულობა0.7
არაყი Khortytsa Ice - 0.7L,"27,60 ₾",ბრენდიKhortytsa წარმოშობაუკრაინა ტექნოლოგიაკლასიკური არაყი ფერიგამჭვირვალე არომატიმსუბუქი პიტნა გემოგამაგრილებელი ალკ. შემცველობა40% მოცულობა0.7
არაყი Danzka 50% - 1L,"71,90 ₾",ბრენდიDanzka წარმოშობადანია ტექნოლოგიაკლასიკური არაყი ფერიგამჭვირვალე არომატიდაბალანსებული გემოკლასიკური ალკ. შემცველობა50% მოცულობა1
არაყი Danzka 50% - 1L,"71,90 ₾",ბრენდიDanzka წარმოშობადანია ტექნოლოგიაკლასიკური არაყი ფერიგამჭვირვალე არომატიდაბალანსებული გემოკლასიკური ალკ. შემცველობა50% მოცულობა1
არაყი Nemiroff Original - 1L,"24,30 ₾","ბრენდიNemiroff წარმოშობაუკრაინა ტექნოლოგიაკლასიკური არაყი ფერიგამჭვირვალე გემოხორბალი,თაფლი ალკ. შემცველობა40% მოცულობა1"
არაყი Nemiroff Original - 1L,"24,30 ₾","ბრენდიNemiroff წარმოშობაუკრაინა ტექნოლოგიაკლასიკური არაყი ფერიგამჭვირვალე გემოხორბალი,თაფლი ალკ. შემცველობა40% მოცულობა1"
"Nemiroff, ხორბლის არაყი - 0.7L","25,40 ₾","ბრენდიNemiroff წარმოშობაუკრაინა ტექნოლოგიაკლასიკური არაყი ფერიგამჭვირვალე გემოდელიკატური, ხორბალი ალკ. შემცველობა40% მოცულობა0.7"
"Nemiroff, ხორბლის არაყი - 0.7L","25,40 ₾","ბრენდიNemiroff წარმოშობაუკრაინა ტექნოლოგიაკლასიკური არაყი ფერიგამჭვირვალე გემოდელიკატური, ხორბალი ალკ. შემცველობა40% მოცულობა0.7"
არაყი Medoff Original - 1L,"30,60 ₾","ბრენდიMedoff წარმოშობაუკრაინა ტექნოლოგიაკლასიკური არაყი ფერიგამჭვირვალე არომატიცოცხალი გემორბილი, თაფლი ალკ. შემცველობა40% მოცულობა1"
არაყი Medoff Original - 1L,"30,60 ₾","ბრენდიMedoff წარმოშობაუკრაინა ტექნოლოგიაკლასიკური არაყი ფერიგამჭვირვალე არომატიცოცხალი გემორბილი, თაფლი ალკ. შემცველობა40% მოცულობა1"
არაყი Nemiroff Original - 0.7L,"17,80 ₾","ბრენდიNemiroff წარმოშობაუკრაინა ტექნოლოგიაკლასიკური არაყი ფერიგამჭვირვალე გემოხორბალი,თაფლი ალკ. შემცველობა40% მოცულობა0.7"
არაყი Nemiroff Original - 0.7L,"17,80 ₾","ბრენდიNemiroff წარმოშობაუკრაინა ტექნოლოგიაკლასიკური არაყი ფერიგამჭვირვალე გემოხორბალი,თაფლი ალკ. შემცველობა40% მოცულობა0.7"
არაყი Talka - 0.5L,"14,80 ₾",ბრენდიTalka წარმოშობარუსეთი ტექნოლოგიაკლასიკური არაყი ფერიგამჭვირვალე არომატიინტენსიური გემოციმბირული სხვადასხვა მცენარე ალკ. შემცველობა40% მოცულობა0.5
არაყი Talka - 0.5L,"14,80 ₾",ბრენდიTalka წარმოშობარუსეთი ტექნოლოგიაკლასიკური არაყი ფერიგამჭვირვალე არომატიინტენსიური გემოციმბირული სხვადასხვა მცენარე ალკ. შემცველობა40% მოცულობა0.5
არაყი Celsius Original - 1L,"35,00 ₾","ბრენდიCelsius წარმოშობაუკრაინა ტექნოლოგიაკლასიკური არაყი ფერიგამჭვირვალე არომატისუფთა გემომსუბუქი, ხავერდოვანი ალკ. შემცველობა40% მოცულობა1"
არაყი Celsius Original - 1L,"35,00 ₾","ბრენდიCelsius წარმოშობაუკრაინა ტექნოლოგიაკლასიკური არაყი ფერიგამჭვირვალე არომატისუფთა გემომსუბუქი, ხავერდოვანი ალკ. შემცველობა40% მოცულობა1"
რახი Tekirdag Raki - 0.7L,"62,90 ₾","ბრენდიTekirdag Raki წარმოშობათურქეთი ტექნოლოგიარახი ფერიგამჭვირვალე არომატიანისი, ყურძენი გემოანისი, ყურძენი ალკ. შემცველობა45% მოცულობა0.7"
რახი Tekirdag Raki - 0.7L,"62,90 ₾","ბრენდიTekirdag Raki წარმოშობათურქეთი ტექნოლოგიარახი ფერიგამჭვირვალე არომატიანისი, ყურძენი გემოანისი, ყურძენი ალკ. შემცველობა45% მოცულობა0.7"
"Finlandia, მოცვის არაყი - 0.7L","34,90 ₾","ბრენდიFinlandia წარმოშობაფინეთი ტექნოლოგიაარომატული არაყი ფერიგამჭვირვალე არომატიკენკროვანი ხილი გემოშტოში,ვანილი, ჯანჯაფილი ალკ. შემცველობა37.5% მოცულობა0.7"
"Finlandia, მოცვის არაყი - 0.7L","34,90 ₾","ბრენდიFinlandia წარმოშობაფინეთი ტექნოლოგიაარომატული არაყი ფერიგამჭვირვალე არომატიკენკროვანი ხილი გემოშტოში,ვანილი, ჯანჯაფილი ალკ. შემცველობა37.5% მოცულობა0.7"
არაყი Moskovskaya - 0.7L,"24,00 ₾","ბრენდიMoskovskaya წარმოშობარუსეთი ტექნოლოგიაკლასიკური არაყი ფერიგამჭვირვალე გემორბილი, პიტნა, ანისი, თეთრი წიწაკა ალკ. შემცველობა40% მოცულობა0.7"
არაყი Moskovskaya - 0.7L,"24,00 ₾","ბრენდიMoskovskaya წარმოშობარუსეთი ტექნოლოგიაკლასიკური არაყი ფერიგამჭვირვალე გემორბილი, პიტნა, ანისი, თეთრი წიწაკა ალკ. შემცველობა40% მოცულობა0.7"
არაყი Parlament - 0.7L,"19,90 ₾","ბრენდიParlament წარმოშობარუსეთი ტექნოლოგიაკლასიკური არაყი ფერიგამჭვირვალე არომატითეთრი წიწაკა, პური გემოთეთრი და შავი წიწაკა ალკ. შემცველობა40% მოცულობა0.7"
არაყი Parlament - 0.7L,"19,90 ₾","ბრენდიParlament წარმოშობარუსეთი ტექნოლოგიაკლასიკური არაყი ფერიგამჭვირვალე არომატითეთრი წიწაკა, პური გემოთეთრი და შავი წიწაკა ალკ. შემცველობა40% მოცულობა0.7"
არაყი Zelionaya Marka - 0.7L,"21,10 ₾","ბრენდიZelionaya Marka წარმოშობარუსეთი ტექნოლოგიაკლასიკური არაყი ფერიგამჭვირვალე არომატითეთრი პური, ანისი გემომოტკბო, მარცვლეული ალკ. შემცველობა40% მოცულობა0.7"
არაყი Zelionaya Marka - 0.7L,"21,10 ₾","ბრენდიZelionaya Marka წარმოშობარუსეთი ტექნოლოგიაკლასიკური არაყი ფერიგამჭვირვალე არომატითეთრი პური, ანისი გემომოტკბო, მარცვლეული ალკ. შემცველობა40% მოცულობა0.7"
არაყი Khortytsa Ice - 1L,"36,40 ₾",ბრენდიKhortytsa წარმოშობაუკრაინა ტექნოლოგიაკლასიკური არაყი ფერიგამჭვირვალე არომატიმსუბუქი პიტნა გემოგამაგრილებელი ალკ. შემცველობა40% მოცულობა1
არაყი Khortytsa Ice - 1L,"36,40 ₾",ბრენდიKhortytsa წარმოშობაუკრაინა ტექნოლოგიაკლასიკური არაყი ფერიგამჭვირვალე არომატიმსუბუქი პიტნა გემოგამაგრილებელი ალკ. შემცველობა40% მოცულობა1
"Finlandia, ლაიმის არაყი - 0.5L","28,50 ₾","ბრენდიFinlandia წარმოშობაფინეთი ტექნოლოგიაარომატული არაყი ფერიგამჭვირვალე არომატიციტრუსი გემოლაიმი, თაფლი ალკ. შემცველობა37.5% მოცულობა0.5"
"Finlandia, ლაიმის არაყი - 0.5L","28,50 ₾","ბრენდიFinlandia წარმოშობაფინეთი ტექნოლოგიაარომატული არაყი ფერიგამჭვირვალე არომატიციტრუსი გემოლაიმი, თაფლი ალკ. შემცველობა37.5% მოცულობა0.5"
"Nemiroff De Luxe, თაფლის და წიწაკის არაყი - 0.5L","22,40 ₾","ბრენდიNemiroff წარმოშობაუკრაინა ტექნოლოგიაარომატული არაყი ფერიგამჭვირვალე არომატითაფლი, წიწაკა გემოთაფლი,წიწაკა ალკ. შემცველობა40% მოცულობა0.5"
"Nemiroff De Luxe, თაფლის და წიწაკის არაყი - 0.5L","22,40 ₾","ბრენდიNemiroff წარმოშობაუკრაინა ტექნოლოგიაარომატული არაყი ფერიგამჭვირვალე არომატითაფლი, წიწაკა გემოთაფლი,წიწაკა ალკ. შემცველობა40% მოცულობა0.5"
არაყი Belvedere - 1L,"164,90 ₾","ბრენდიBelvedere წარმოშობაპოლონეთი ტექნოლოგიაკლასიკური არაყი ფერიგამჭვირვალე არომატივანილი, ნაღები გემოვანილი, ოდნავ ცხარე პილპილი ალკ. შემცველობა40% მოცულობა1"
არაყი Belvedere - 1L,"164,90 ₾","ბრენდიBelvedere წარმოშობაპოლონეთი ტექნოლოგიაკლასიკური არაყი ფერიგამჭვირვალე არომატივანილი, ნაღები გემოვანილი, ოდნავ ცხარე პილპილი ალკ. შემცველობა40% მოცულობა1"
ვაშლის არაყი Danzka - 1L,"42,90 ₾","ბრენდიDanzka წარმოშობადანია ტექნოლოგიაარომატული არაყი ფერიგამჭვირვალე არომატიცოცხალი ვაშლი გემოვაშლი,დელიკატური ალკ. შემცველობა40% მოცულობა1"
ვაშლის არაყი Danzka - 1L,"42,90 ₾","ბრენდიDanzka წარმოშობადანია ტექნოლოგიაარომატული არაყი ფერიგამჭვირვალე არომატიცოცხალი ვაშლი გემოვაშლი,დელიკატური ალკ. შემცველობა40% მოცულობა1"
არაყი Wyborowa - 0.5L,"20,90 ₾",ბრენდიWyborowa წარმოშობაპოლონეთი ტექნოლოგიაკლასიკური არაყი ფერიგამჭვირვალე არომატირბილი გემოკარგად დაბალანსებული ალკ. შემცველობა40% მოცულობა0.5
არაყი Wyborowa - 0.5L,"20,90 ₾",ბრენდიWyborowa წარმოშობაპოლონეთი ტექნოლოგიაკლასიკური არაყი ფერიგამჭვირვალე არომატირბილი გემოკარგად დაბალანსებული ალკ. შემცველობა40% მოცულობა0.5
"Finlandia, მანგოს არაყი - 0.7L","34,90 ₾","ბრენდიFinlandia წარმოშობაფინეთი ტექნოლოგიაარომატული არაყი ფერიგამჭვირვალე არომატიტროპიკული ხილი გემოტკბილი მანგო, ატამი ალკ. შემცველობა37.5% მოცულობა0.7"
"Finlandia, მანგოს არაყი - 0.7L","34,90 ₾","ბრენდიFinlandia წარმოშობაფინეთი ტექნოლოგიაარომატული არაყი ფერიგამჭვირვალე არომატიტროპიკული ხილი გემოტკბილი მანგო, ატამი ალკ. შემცველობა37.5% მოცულობა0.7"
არაყი Distil N9 - 0.7L,"37,50 ₾","ბრენდიDistil N9 წარმოშობაუკრაინა ტექნოლოგიაკლასიკური არაყი ფერიგამჭვირვალე არომატირბილი გემორბილი, კარგად დაბალანსებული ალკ. შემცველობა40% მოცულობა0.7"
არაყი Distil N9 - 0.7L,"37,50 ₾","ბრენდიDistil N9 წარმოშობაუკრაინა ტექნოლოგიაკლასიკური არაყი ფერიგამჭვირვალე არომატირბილი გემორბილი, კარგად დაბალანსებული ალკ. შემცველობა40% მოცულობა0.7"
არაყი Tito's - 0.7L,"44,90 ₾","ბრენდიTito's წარმოშობაამერიკა ტექნოლოგიაკლასიკური არაყი ფერიგამჭვირვალე არომატიდაბალანსებული გემორბილი, დაბალანსებული ალკ. შემცველობა40% მოცულობა0.7"
არაყი Tito's - 0.7L,"44,90 ₾","ბრენდიTito's წარმოშობაამერიკა ტექნოლოგიაკლასიკური არაყი ფერიგამჭვირვალე არომატიდაბალანსებული გემორბილი, დაბალანსებული ალკ. შემცველობა40% მოცულობა0.7"
არაყი Nemiroff Delikat - 0.5L,"16,90 ₾","ბრენდიNemiroff წარმოშობაუკრაინა ტექნოლოგიაკლასიკური არაყი ფერიგამჭვირვალე გემოხორბალი,ჯანჯაფილი ალკ. შემცველობა40% მოცულობა0.5"
არაყი Nemiroff Delikat - 0.5L,"16,90 ₾","ბრენდიNemiroff წარმოშობაუკრაინა ტექნოლოგიაკლასიკური არაყი ფერიგამჭვირვალე გემოხორბალი,ჯანჯაფილი ალკ. შემცველობა40% მოცულობა0.5"
არაყი Russkaya - 1L,"37,00 ₾",ბრენდიRusskaya წარმოშობარუსეთი ტექნოლოგიაკლასიკური არაყი ფერიგამჭვირვალე ალკ. შემცველობა40% მოცულობა1
არაყი Russkaya - 1L,"37,00 ₾",ბრენდიRusskaya წარმოშობარუსეთი ტექნოლოგიაკლასიკური არაყი ფერიგამჭვირვალე ალკ. შემცველობა40% მოცულობა1
არაყი Staritsky & Levitsky - 1L,"84,90 ₾","ბრენდიStaritsky & Levitsky წარმოშობაუკრაინა ტექნოლოგიაკლასიკური არაყი ფერიგამჭვირვალე არომატიცოცხალი გემოჭვავის პური, ოდნავ ცხარე, დაბალანსებული ალკ. შემცველობა40% მოცულობა1"
არაყი Staritsky & Levitsky - 1L,"84,90 ₾","ბრენდიStaritsky & Levitsky წარმოშობაუკრაინა ტექნოლოგიაკლასიკური არაყი ფერიგამჭვირვალე არომატიცოცხალი გემოჭვავის პური, ოდნავ ცხარე, დაბალანსებული ალკ. შემცველობა40% მოცულობა1"
არაყი Absolut Citron - 0.7L,"40,90 ₾","ბრენდიAbsolut წარმოშობაშვედეთი ტექნოლოგიაარომატული არაყი ფერიგამჭვირვალე არომატიციტრუსი გემოლიმონი, ლაიმი, გრეიფრუტი, ფორთოხალი. ალკ. შემცველობა40% მოცულობა0.7"
არაყი Absolut Citron - 0.7L,"40,90 ₾","ბრენდიAbsolut წარმოშობაშვედეთი ტექნოლოგიაარომატული არაყი ფერიგამჭვირვალე არომატიციტრუსი გემოლიმონი, ლაიმი, გრეიფრუტი, ფორთოხალი. ალკ. შემცველობა40% მოცულობა0.7"
"Nemiroff Osobaya, ხორბლის არაყი - 1L","20,90 ₾","ბრენდიNemiroff წარმოშობაუკრაინა ტექნოლოგიაკლასიკური არაყი ფერიგამჭვირვალე არომატიყვავილოვანი, ხორბალი გემოყვავილოვანი, ხორბალი ალკ. შემცველობა40% მოცულობა1"
"Nemiroff Osobaya, ხორბლის არაყი - 1L","20,90 ₾","ბრენდიNemiroff წარმოშობაუკრაინა ტექნოლოგიაკლასიკური არაყი ფერიგამჭვირვალე არომატიყვავილოვანი, ხორბალი გემოყვავილოვანი, ხორბალი ალკ. შემცველობა40% მოცულობა1"
არაყი Wyborowa - 0.7L,"28,50 ₾",ბრენდიWyborowa წარმოშობაპოლონეთი ტექნოლოგიაკლასიკური არაყი ფერიგამჭვირვალე არომატირბილი გემოკარგად დაბალანსებული ალკ. შემცველობა40% მოცულობა0.7
არაყი Wyborowa - 0.7L,"28,50 ₾",ბრენდიWyborowa წარმოშობაპოლონეთი ტექნოლოგიაკლასიკური არაყი ფერიგამჭვირვალე არომატირბილი გემოკარგად დაბალანსებული ალკ. შემცველობა40% მოცულობა0.7
"Finlandia, მოცვის არაყი - 0.5L","26,90 ₾","ბრენდიFinlandia წარმოშობაფინეთი ტექნოლოგიაარომატული არაყი ფერიგამჭვირვალე არომატიკენკროვანი ხილი გემოშტოში,ვანილი, ჯანჯაფილი ალკ. შემცველობა37.5% მოცულობა0.5"
"Finlandia, მოცვის არაყი - 0.5L","26,90 ₾","ბრენდიFinlandia წარმოშობაფინეთი ტექნოლოგიაარომატული არაყი ფერიგამჭვირვალე არომატიკენკროვანი ხილი გემოშტოში,ვანილი, ჯანჯაფილი ალკ. შემცველობა37.5% მოცულობა0.5"
"Nemiroff Osobaya, ხორბლის არაყი - 0.5L","11,90 ₾","ბრენდიNemiroff წარმოშობაუკრაინა ტექნოლოგიაკლასიკური არაყი ფერიგამჭვირვალე არომატიყვავილოვანი, ხორბალი გემოყვავილოვანი, ხორბალი ალკ. შემცველობა40% მოცულობა0.5"
"Nemiroff Osobaya, ხორბლის არაყი - 0.5L","11,90 ₾","ბრენდიNemiroff წარმოშობაუკრაინა ტექნოლოგიაკლასიკური არაყი ფერიგამჭვირვალე არომატიყვავილოვანი, ხორბალი გემოყვავილოვანი, ხორბალი ალკ. შემცველობა40% მოცულობა0.5"
"Nemiroff, თაფლის და წიწაკის არაყი - 0.7L","19,90 ₾","ბრენდიNemiroff წარმოშობაუკრაინა ტექნოლოგიაარომატული არაყი ფერიგამჭვირვალე გემოთაფლი,წიწაკა ალკ. შემცველობა40% მოცულობა0.7"
"Nemiroff, თაფლის და წიწაკის არაყი - 0.7L","19,90 ₾","ბრენდიNemiroff წარმოშობაუკრაინა ტექნოლოგიაარომატული არაყი ფერიგამჭვირვალე გემოთაფლი,წიწაკა ალკ. შემცველობა40% მოცულობა0.7"
არაყი Absolut Citron - 0.5L,"31,50 ₾","ბრენდიAbsolut წარმოშობაშვედეთი ტექნოლოგიაარომატული არაყი ფერიგამჭვირვალე არომატიციტრუსი გემოლიმონი, ლაიმი, გრეიფრუტი, ფორთოხალი. ალკ. შემცველობა40% მოცულობა0.5"
არაყი Absolut Citron - 0.5L,"31,50 ₾","ბრენდიAbsolut წარმოშობაშვედეთი ტექნოლოგიაარომატული არაყი ფერიგამჭვირვალე არომატიციტრუსი გემოლიმონი, ლაიმი, გრეიფრუტი, ფორთოხალი. ალკ. შემცველობა40% მოცულობა0.5"
არაყი Morosha Sinevir - 0.7L,"22,50 ₾",ბრენდიMorosha წარმოშობაუკრაინა ტექნოლოგიაკლასიკური არაყი ფერიგამჭვირვალე არომატიმსუბუქი გემოპიკანტური ალკ. შემცველობა40% მოცულობა0.7
არაყი Morosha Sinevir - 0.7L,"22,50 ₾",ბრენდიMorosha წარმოშობაუკრაინა ტექნოლოგიაკლასიკური არაყი ფერიგამჭვირვალე არომატიმსუბუქი გემოპიკანტური ალკ. შემცველობა40% მოცულობა0.7
"Finlandia, გრეიფრუტის არაყი - 0.5L","26,90 ₾",ბრენდიFinlandia წარმოშობაფინეთი ტექნოლოგიაარომატული არაყი ფერიგამჭვირვალე არომატიციტრუსი გემოახლად გამოწურული გრეიპფრუტი ალკ. შემცველობა37.5% მოცულობა0.5
"Finlandia, გრეიფრუტის არაყი - 0.5L","26,90 ₾",ბრენდიFinlandia წარმოშობაფინეთი ტექნოლოგიაარომატული არაყი ფერიგამჭვირვალე არომატიციტრუსი გემოახლად გამოწურული გრეიპფრუტი ალკ. შემცველობა37.5% მოცულობა0.5
"არაყი Finlandia, წითელი კენკრის - 0.5L","26,90 ₾","ბრენდიFinlandia წარმოშობაფინეთი ტექნოლოგიაარომატული არაყი ფერიწითელი არომატიკენკროვანი ხილი გემოწითელი კენკროვანი ხილი, ვანილი ალკ. შემცველობა37.5% მოცულობა0.5"
"არაყი Finlandia, წითელი კენკრის - 0.5L","26,90 ₾","ბრენდიFinlandia წარმოშობაფინეთი ტექნოლოგიაარომატული არაყი ფერიწითელი არომატიკენკროვანი ხილი გემოწითელი კენკროვანი ხილი, ვანილი ალკ. შემცველობა37.5% მოცულობა0.5"
"არაყი Smirnoff, ლურჯი - 0.7L","31,30 ₾","ბრენდიSmirnoff წარმოშობაინგლისი ტექნოლოგიაკლასიკური არაყი ფერიგამჭვირვალე გემორბილი, მშრალი დაბოლოებით ალკ. შემცველობა50% მოცულობა0.7"
"არაყი Smirnoff, ლურჯი - 0.7L","31,30 ₾","ბრენდიSmirnoff წარმოშობაინგლისი ტექნოლოგიაკლასიკური არაყი ფერიგამჭვირვალე გემორბილი, მშრალი დაბოლოებით ალკ. შემცველობა50% მოცულობა0.7"
"Absolut, ვანილის არაყი - 0.7L","40,90 ₾","ბრენდიAbsolut წარმოშობაშვედეთი ტექნოლოგიაარომატული არაყი ფერიგამჭვირვალე არომატიინტენსიური ვანილი გემოვანილი, კარამელი, შოკოლადი ალკ. შემცველობა40% მოცულობა0.7"
"Absolut, ვანილის არაყი - 0.7L","40,90 ₾","ბრენდიAbsolut წარმოშობაშვედეთი ტექნოლოგიაარომატული არაყი ფერიგამჭვირვალე არომატიინტენსიური ვანილი გემოვანილი, კარამელი, შოკოლადი ალკ. შემცველობა40% მოცულობა0.7"
"Stoli, პრემიუმ არაყი - 1L","39,90 ₾",ბრენდიStoli წარმოშობალატვია ტექნოლოგიაკლასიკური არაყი ფერიგამჭვირვალე გემოციტრუსები ალკ. შემცველობა40% მოცულობა1
"Stoli, პრემიუმ არაყი - 1L","39,90 ₾",ბრენდიStoli წარმოშობალატვია ტექნოლოგიაკლასიკური არაყი ფერიგამჭვირვალე გემოციტრუსები ალკ. შემცველობა40% მოცულობა1
არაყი Moskovskaya - 0.5L,"17,40 ₾","ბრენდიMoskovskaya წარმოშობარუსეთი ტექნოლოგიაკლასიკური არაყი ფერიგამჭვირვალე გემორბილი, პიტნა, ანისი, თეთრი წიწაკა ალკ. შემცველობა40% მოცულობა0.5"
არაყი Moskovskaya - 0.5L,"17,40 ₾","ბრენდიMoskovskaya წარმოშობარუსეთი ტექნოლოგიაკლასიკური არაყი ფერიგამჭვირვალე გემორბილი, პიტნა, ანისი, თეთრი წიწაკა ალკ. შემცველობა40% მოცულობა0.5"
არაყი Absolut Elyx - 1L,"139,90 ₾","ბრენდიAbsolut წარმოშობაშვედეთი ტექნოლოგიაკლასიკური არაყი ფერიგამჭვირვალე არომატიკრემ ბრულე, თეთრი წიწაკა, თხილი გემოლავანდა, შავი წიწაკა ალკ. შემცველობა42.3% მოცულობა1"
არაყი Absolut Elyx - 1L,"139,90 ₾","ბრენდიAbsolut წარმოშობაშვედეთი ტექნოლოგიაკლასიკური არაყი ფერიგამჭვირვალე არომატიკრემ ბრულე, თეთრი წიწაკა, თხილი გემოლავანდა, შავი წიწაკა ალკ. შემცველობა42.3% მოცულობა1"
"Finlandia, მანგოს არაყი - 1L","46,90 ₾","ბრენდიFinlandia წარმოშობაფინეთი ტექნოლოგიაარომატული არაყი ფერიგამჭვირვალე არომატიტროპიკული ხილი გემოტკბილი მანგო, ატამი ალკ. შემცველობა40% მოცულობა1"
"Finlandia, მანგოს არაყი - 1L","46,90 ₾","ბრენდიFinlandia წარმოშობაფინეთი ტექნოლოგიაარომატული არაყი ფერიგამჭვირვალე არომატიტროპიკული ხილი გემოტკბილი მანგო, ატამი ალკ. შემცველობა40% მოცულობა1"
"არაყი Smirnoff, ლურჯი - 0.5L","20,90 ₾","ბრენდიSmirnoff წარმოშობაინგლისი ტექნოლოგიაკლასიკური არაყი ფერიგამჭვირვალე არომატიცოცხალი გემორბილი, სუფთა ალკ. შემცველობა50% მოცულობა0.5"
"არაყი Smirnoff, ლურჯი - 0.5L","20,90 ₾","ბრენდიSmirnoff წარმოშობაინგლისი ტექნოლოგიაკლასიკური არაყი ფერიგამჭვირვალე არომატიცოცხალი გემორბილი, სუფთა ალკ. შემცველობა50% მოცულობა0.5"
არაყი Khortytsa Platinum - 1L,"32,30 ₾",ბრენდიKhortytsa წარმოშობაუკრაინა ტექნოლოგიაკლასიკური არაყი ფერიგამჭვირვალე არომატიარყის ჰარმონიული არომატი გემოდახვეწილი ალკ. შემცველობა40% მოცულობა1
არაყი Khortytsa Platinum - 1L,"32,30 ₾",ბრენდიKhortytsa წარმოშობაუკრაინა ტექნოლოგიაკლასიკური არაყი ფერიგამჭვირვალე არომატიარყის ჰარმონიული არომატი გემოდახვეწილი ალკ. შემცველობა40% მოცულობა1
"Stoli, ვანილის არაყი - 1L","39,90 ₾","ბრენდიStoli წარმოშობალატვია ტექნოლოგიაარომატული არაყი ფერიგამჭვირვალე არომატივანილი, ნაღები გემოვანილი ალკ. შემცველობა37.5% მოცულობა1"
"Stoli, ვანილის არაყი - 1L","39,90 ₾","ბრენდიStoli წარმოშობალატვია ტექნოლოგიაარომატული არაყი ფერიგამჭვირვალე არომატივანილი, ნაღები გემოვანილი ალკ. შემცველობა37.5% მოცულობა1"
არაყი Khortytsa Platinum - 0.5L,"17,50 ₾",ბრენდიKhortytsa წარმოშობაუკრაინა ტექნოლოგიაკლასიკური არაყი ფერიგამჭვირვალე არომატიარყის ჰარმონიული არომატი გემოდახვეწილი ალკ. შემცველობა40% მოცულობა0.5
არაყი Khortytsa Platinum - 0.5L,"17,50 ₾",ბრენდიKhortytsa წარმოშობაუკრაინა ტექნოლოგიაკლასიკური არაყი ფერიგამჭვირვალე არომატიარყის ჰარმონიული არომატი გემოდახვეწილი ალკ. შემცველობა40% მოცულობა0.5
არაყი Khortytsa Platinum - 0.7L,"21,50 ₾",ბრენდიKhortytsa წარმოშობაუკრაინა ტექნოლოგიაკლასიკური არაყი ფერიგამჭვირვალე არომატიარყის ჰარმონიული არომატი გემოდახვეწილი ალკ. შემცველობა40% მოცულობა0.7
არაყი Khortytsa Platinum - 0.7L,"21,50 ₾",ბრენდიKhortytsa წარმოშობაუკრაინა ტექნოლოგიაკლასიკური არაყი ფერიგამჭვირვალე არომატიარყის ჰარმონიული არომატი გემოდახვეწილი ალკ. შემცველობა40% მოცულობა0.7
"არაყი Finlandia, წითელი კენკრის - 0.7L","34,90 ₾","ბრენდიFinlandia წარმოშობაფინეთი ტექნოლოგიაარომატული არაყი ფერიწითელი არომატიკენკროვანი ხილი გემოწითელი კენკროვანი ხილი, ვანილი ალკ. შემცველობა37.5% მოცულობა0.7"
"არაყი Finlandia, წითელი კენკრის - 0.7L","34,90 ₾","ბრენდიFinlandia წარმოშობაფინეთი ტექნოლოგიაარომატული არაყი ფერიწითელი არომატიკენკროვანი ხილი გემოწითელი კენკროვანი ხილი, ვანილი ალკ. შემცველობა37.5% მოცულობა0.7"
"Finlandia, ლაიმის არაყი - 0.7L","34,90 ₾","ბრენდიFinlandia წარმოშობაფინეთი ტექნოლოგიაარომატული არაყი ფერიგამჭვირვალე არომატიციტრუსი გემოლაიმი, თაფლი ალკ. შემცველობა37.5% მოცულობა0.7"
"Finlandia, ლაიმის არაყი - 0.7L","34,90 ₾","ბრენდიFinlandia წარმოშობაფინეთი ტექნოლოგიაარომატული არაყი ფერიგამჭვირვალე არომატიციტრუსი გემოლაიმი, თაფლი ალკ. შემცველობა37.5% მოცულობა0.7"
არაყი Koskenkorva - 1L,"52,10 ₾",ბრენდიKoskenkorva წარმოშობაფინეთი ტექნოლოგიაკლასიკური არაყი ფერიგამჭვირვალე არომატიდაბალანსებული გემოკლასიკური ალკ. შემცველობა40.0% მოცულობა1
არაყი Koskenkorva - 1L,"52,10 ₾",ბრენდიKoskenkorva წარმოშობაფინეთი ტექნოლოგიაკლასიკური არაყი ფერიგამჭვირვალე არომატიდაბალანსებული გემოკლასიკური ალკ. შემცველობა40.0% მოცულობა1
